Risk ID,Category,Risk Description,Severity,Likelihood,Impact Score,Mitigation Strategy,Status,Owner,Review Date,Notes
RISK-001,Technology,LangChain API breaking changes,Medium,High,6,Version pinning at 0.3.x; abstraction layer via ports; monitoring release notes,Mitigated,Tech Lead,2025-03-01,LangChain evolving rapidly; requires attention
RISK-002,Vendor,Supabase vendor lock-in,Low,Medium,3,Prisma ORM abstracts database; standard PostgreSQL features only; export scripts ready,Mitigated,DevOps,2025-06-01,Migration path documented in ADR-001
RISK-003,Team,Learning curve for modern stack,Medium,Low,4,Training plan in place; pair programming; documentation created,Mitigated,PM,2025-02-01,Team confidence at 81.2%
RISK-004,Cost,AI API cost overruns,Medium,Medium,5,Ollama for development; usage monitoring; cost alerts at $100/mo threshold,Monitored,DevOps,2025-02-15,Tracking daily usage metrics
RISK-005,Performance,Application performance degradation,Low,Low,2,Performance benchmarks established; automated alerting; p99 targets in CI,Mitigated,Performance Eng,2025-03-01,Current p99 at 92ms (target <200ms)
RISK-006,Security,Authentication bypass vulnerability,High,Low,4,Supabase Auth with JWT; RLS policies; security reviews; penetration testing planned,Mitigated,Security Lead,2025-02-01,0 critical vulnerabilities found
RISK-007,Security,Data breach via SQL injection,High,Low,4,Prisma parameterized queries; Zod input validation; SAST scanning,Mitigated,Security Lead,2025-02-01,No injection vectors identified
RISK-008,Compliance,GDPR non-compliance,Medium,Medium,5,Data governance policies defined; consent management planned; audit trail implemented,In Progress,Compliance,2025-04-01,Phase 2 implementation
RISK-009,Infrastructure,Single region deployment failure,Medium,Medium,5,Blue-green deployment ready; rollback strategy documented; DR planned for Sprint 8,Accepted,DevOps,2025-06-01,Accepted risk for MVP phase
RISK-010,Dependency,Vulnerable npm dependencies,Medium,Medium,5,pnpm audit in CI; Snyk integration; automated PR for updates,Mitigated,DevOps,Weekly,Continuous monitoring
RISK-011,AI,LLM hallucination in lead scoring,Medium,Medium,5,Human-in-the-loop for high-value decisions; confidence thresholds; audit logging,Mitigated,AI Lead,2025-02-15,Output validation with Zod schemas
RISK-012,AI,CrewAI agent failures,Medium,Low,3,Retry logic; fallback to single-agent mode; error monitoring,Mitigated,AI Lead,2025-02-15,Graceful degradation implemented
RISK-013,Scalability,Database connection pool exhaustion,Low,Low,2,Connection pooling via Supabase; auto-scaling configured; monitoring in place,Mitigated,Backend Dev,2025-03-01,Current usage at 10% capacity
RISK-014,Development,TypeScript strict mode adoption friction,Low,Low,2,Gradual migration; team training completed; linting enforcement,Mitigated,Tech Lead,2025-02-01,99% type coverage achieved
RISK-015,Integration,Third-party API rate limiting,Low,Medium,3,Rate limiting middleware; caching layer; exponential backoff,Mitigated,Backend Dev,2025-02-15,Redis caching implemented
RISK-016,Business,Market timing - competitor launches,Medium,Medium,5,Accelerated MVP timeline; focus on AI differentiation; weekly competitor analysis,Monitored,PM,Weekly,Tracking competitor moves
RISK-017,Resource,Key developer departure,Medium,Low,3,Documentation standards; knowledge sharing sessions; cross-training,Mitigated,PM,2025-03-01,No single points of failure
RISK-018,Deployment,CI/CD pipeline failures,Low,Low,2,Multi-stage pipelines; automated rollback; monitoring alerts,Mitigated,DevOps,2025-02-01,99.9% success rate
RISK-019,Testing,Insufficient test coverage,Medium,Low,3,90% coverage threshold enforced; mutation testing planned; TDD guidelines,Mitigated,QA Lead,2025-02-15,Current coverage at 92%
RISK-020,Architecture,Hexagonal boundary violations,Low,Low,2,Architecture tests in CI; dependency-cruiser rules; code review checklist,Mitigated,Tech Lead,2025-02-01,Automated enforcement

Summary Statistics
Total Risks,20
Critical (Score >= 8),0
High (Score >= 6),1
Medium (Score 4-5),12
Low (Score <= 3),7

Risk Status Distribution
Mitigated,15
Monitored,3
In Progress,1
Accepted,1

Overall Risk Assessment,LOW
Recommendation,PROCEED
Assessment Date,2025-12-27
Next Review,2025-02-01
