Task ID,Section,Description,Owner,Dependencies,Pre-requisites,Definition of Done,Status,KPIs,Target Sprint,Artifacts To Track,Validation Method,Estimate (O/M/P),Planned Start,Planned Finish,Percent Complete,Dependency Types,Cadence
IFC-043,Documentation,"Operational runbooks (deploy, rollback, incident response, backup/restore, access requests)",DevOps + Tech Lead (STOA-Automation),"ENV-008-AI,IFC-112,IFC-113,IFC-115,IFC-130",FILE:.specify/memory/Framework.md;FILE:audit-matrix.yml;ENV:Infrastructure stable;POLICY:procedures defined;FILE:docs/operations/quality-gates.md;FILE:docs/operations/release-rollback.md;FILE:artifacts/misc/otel-config.yaml;FILE:artifacts/metrics/blue-green-metrics.csv;FILE:artifacts/misc/vault-config.yml;FILE:artifacts/misc/backup-scripts.sh;FILE:docs/release/promotion-policy.md,"Incident response, deployment, rollback procedures; artifacts: incident-response-flowchart.svg, deployment-checklist.md, rollback-test.log; targets: <30min; verified by: pnpm test",Backlog,"All procedures tested, <30min MTTR",25,ARTIFACT:docs/operations/incident-response-flowchart.svg;ARTIFACT:docs/operations/deployment-checklist.md;ARTIFACT:artifacts/logs/rollback-test.log;EVIDENCE:.specify/sprints/sprint-25/attestations/IFC-043/context_ack.json,VALIDATE:pnpm test,120/240/480,2026-11-29,2026-12-06,0,"ENV-008-AI:FS,IFC-112:FS,IFC-113:FS,IFC-115:FS,IFC-130:FS",
IFC-044,Testing,Unit Tests (Vitest + TDD),All Developers (STOA-Foundation),ENV-010-AI,FILE:.specify/memory/Framework.md;FILE:audit-matrix.yml;ENV:Vitest configured;ENV:TDD workflow adopted;FILE:docs/tdd-guidelines.md;FILE:docs/shared/review-checklist.md,"90%+ coverage, all business logic tested; artifacts: lcov.info, test-execution-time.log, tdd-compliance.csv; gates: coverage-gte-90",Completed,"Coverage >90%, tests fast (<30s)",0,ARTIFACT:vitest.config.ts;ARTIFACT:artifacts/logs/test-execution-time.log;ARTIFACT:artifacts/metrics/tdd-compliance.csv;ARTIFACT:artifacts/reports/mutation-test.json;EVIDENCE:.specify/sprints/sprint-0/attestations/IFC-044/context_ack.json,VALIDATE:pnpm test;GATE:coverage-gte-90,90/180/360,2025-12-20,2025-12-25,100,ENV-010-AI:FS,
IFC-045,Testing,Integration Tests (Vitest + MSW),QA + Backend Dev (STOA-Quality),IFC-044,FILE:.specify/memory/Framework.md;FILE:audit-matrix.yml;ENV:MSW configured;ENV:test data factories ready;FILE:docs/tdd-guidelines.md;FILE:docs/shared/review-checklist.md,"API integrations tested with mocks; artifacts: integration-coverage.json, context_ack.json",Completed,"All external calls mocked, reliable tests",14,ARTIFACT:apps/web/src/lib/test-runner/index.ts;ARTIFACT:apps/web/src/test/mocks/handlers.ts;ARTIFACT:apps/web/src/test/mocks/server.ts;ARTIFACT:apps/web/src/app/governance/quality-reports/__tests__/integration.test.tsx;EVIDENCE:.specify/sprints/sprint-14/attestations/IFC-045/context_ack.json;ARTIFACT:tests/integration/api.test.ts;ARTIFACT:tests/integration/README.md,VALIDATE:pnpm test,90/180/360,2026-06-28,2026-07-04,100,IFC-044:FS,
IFC-046,Testing,Security Tests (OWASP ZAP + Snyk),Security Eng + QA (STOA-Security),IFC-008,FILE:.specify/memory/Framework.md;FILE:audit-matrix.yml;ENV:ZAP configured;ENV:Snyk integrated;FILE:docs/security/zero-trust-design.md;FILE:docs/security/owasp-checklist.md;FILE:docs/tdd-guidelines.md;FILE:docs/shared/review-checklist.md;FILE:artifacts/reports/compliance-report.md,Automated security scanning in CI/CD,Backlog,"0 high vulnerabilities, OWASP compliant",23,ARTIFACT:.github/workflows/security.yml;ARTIFACT:artifacts/misc/zap-report.xml;ARTIFACT:artifacts/reports/snyk-report.json;ARTIFACT:docs/security/security-baseline.md;EVIDENCE:.specify/sprints/sprint-23/attestations/IFC-046/context_ack.json;ARTIFACT:docs/planning/adr/ADR-015-security-validation.md,AUDIT:security-review;VALIDATE:pnpm typecheck;VALIDATE:pnpm test,120/240/480,2026-11-01,2026-11-08,0,IFC-008:FS,
IFC-047,Testing,Performance Tests (k6 + Lighthouse),Performance Eng (STOA-Quality),IFC-007,FILE:.specify/memory/Framework.md;FILE:audit-matrix.yml;ENV:k6 scripts ready;ENV:Lighthouse CI configured;FILE:docs/tdd-guidelines.md;FILE:docs/shared/review-checklist.md;FILE:artifacts/misc/k6/scripts/load-test.js,"Automated performance regression prevention; artifacts: .lighthouserc.js, performance-budgets.json, regression-alerts.yaml; targets: <100ms; gates: p99-latency-check",Backlog,"p99 <100ms maintained, Core Web Vitals green",22,ARTIFACT:lighthouserc.js;ARTIFACT:artifacts/benchmarks/performance-budgets.json;ARTIFACT:artifacts/misc/regression-alerts.yaml;EVIDENCE:.specify/sprints/sprint-22/attestations/IFC-047/context_ack.json;ARTIFACT:docs/planning/adr/ADR-018-performance-load-testing.md,GATE:p99-latency-check,90/180/360,2026-10-18,2026-10-24,0,IFC-007:FS,
IFC-048,Testing,User Acceptance Testing,PM + Sales Team (STOA-Foundation),IFC-039,FILE:.specify/memory/Framework.md;FILE:audit-matrix.yml;POLICY:All features complete;POLICY:test scenarios defined;FILE:docs/tdd-guidelines.md;FILE:docs/shared/review-checklist.md;FILE:artifacts/misc/embeddings-quality-test.json,"Real users validate workflows and AI accuracy; artifacts: uat-test-scenarios.xlsx, uat-results.csv, feedback-action-items.md; targets: >=90%",Backlog,"90% satisfaction, feedback incorporated",25,ARTIFACT:artifacts/reports/uat-test-scenarios.xlsx;ARTIFACT:artifacts/misc/uat-results.csv;ARTIFACT:docs/shared/feedback-action-items.md;EVIDENCE:.specify/sprints/sprint-25/attestations/IFC-048/context_ack.json,VALIDATE:pnpm typecheck,90/180/360,2026-11-29,2026-12-05,0,IFC-039:FS,
IFC-049,Investment Gate,Gate 4 Review - £5000 Investment,CEO + Board (STOA-Leadership),IFC-048,FILE:.specify/memory/Framework.md;FILE:audit-matrix.yml;POLICY:All features complete;ENV:metrics positive;FILE:docs/shared/review-checklist.md;FILE:docs/operations/quality-gates.md;FILE:artifacts/reports/uat-test-scenarios.xlsx,"Decision on productization and scale; artifacts: final-investment-review.pptx, market-validation.pdf, product-roadmap-2025.xlsx",Backlog,"Product strategy clear, market validated",26,ARTIFACT:artifacts/misc/final-investment-review.pptx;ARTIFACT:artifacts/reports/market-validation.pdf;ARTIFACT:artifacts/reports/product-roadmap-2025.xlsx;ARTIFACT:artifacts/reports/board-resolution.pdf;EVIDENCE:.specify/sprints/sprint-26/attestations/IFC-049/context_ack.json,VALIDATE:pnpm lint,60/120/180,2026-12-13,2026-12-16,0,IFC-048:FS,
IFC-050,Launch,Internal Launch Preparation,PM + Marketing (STOA-Foundation),IFC-048,FILE:.specify/memory/Framework.md;FILE:audit-matrix.yml;ENV:Training materials ready;ENV:team briefed;FILE:docs/shared/review-checklist.md;FILE:docs/operations/pr-checklist.md;FILE:artifacts/reports/uat-test-scenarios.xlsx,"Team onboarded to modern stack and features; artifacts: team-quiz-results.csv, onboarding-checklist.md, launch-readiness.pdf; targets: >=100%",Backlog,"100% team trained, documentation complete",26,ARTIFACT:docs/shared/onboarding-checklist.md;ARTIFACT:artifacts/reports/launch-readiness.pdf;EVIDENCE:.specify/sprints/sprint-26/attestations/IFC-050/context_ack.json,VALIDATE:pnpm typecheck,90/180/360,2026-12-13,2026-12-19,0,IFC-048:FS,
IFC-051,Launch,Pilot Customer Selection,Sales + CEO (STOA-Leadership),IFC-049,FILE:.specify/memory/Framework.md;FILE:audit-matrix.yml;POLICY:Customer criteria defined;ENV:NDA templates ready;FILE:artifacts/misc/final-investment-review.pptx,"2-3 pilot customers for beta testing; artifacts: pilot-customer-criteria.md, expectations-matrix.xlsx, context_ack.json",Backlog,"Pilots confirmed, expectations documented",27,ARTIFACT:docs/shared/pilot-customer-criteria.md;ARTIFACT:artifacts/reports/expectations-matrix.xlsx;EVIDENCE:.specify/sprints/sprint-27/attestations/IFC-051/context_ack.json,VALIDATE:pnpm test,60/120/240,2026-12-27,2026-12-31,0,IFC-049:FS,
IFC-052,Launch,Production Deployment,DevOps + Whole Team (STOA-Automation),"IFC-040,IFC-050",FILE:.specify/memory/Framework.md;FILE:audit-matrix.yml;ENV:Vercel + Railway production ready;ENV:rollback plan;FILE:docs/shared/review-checklist.md;FILE:docs/operations/pr-checklist.md;FILE:docs/operations/release-rollback.md;FILE:docs/shared/production-checklist.md;FILE:artifacts/misc/team-quiz-results.csv,"Zero-downtime deployment with feature flags; artifacts: deployment-log.txt, feature-flags-config.json, monitoring-dashboard.url; verified by: pnpm test",Backlog,"Deployed successfully, monitoring active",27,ARTIFACT:artifacts/misc/deployment-log.txt;ARTIFACT:artifacts/misc/feature-flags-config.json;ARTIFACT:artifacts/misc/monitoring-dashboard.url;ARTIFACT:artifacts/logs/rollback-test.log;EVIDENCE:.specify/sprints/sprint-27/attestations/IFC-052/context_ack.json,VALIDATE:pnpm test,120/240/480,2026-12-27,2027-01-03,0,"IFC-040:FS,IFC-050:FS",
IFC-053,Launch,Hypercare Period,Support Team + DevOps (STOA-Automation),IFC-052,FILE:.specify/memory/Framework.md;FILE:audit-matrix.yml;POLICY:Support procedures defined;ENV:on-call scheduled;FILE:artifacts/misc/deployment-log.txt,"24/7 support for 2 weeks, then business hours; artifacts: hypercare-schedule.xlsx, incident-log.csv, response-time-report.pdf; gates: response-time-check",Backlog,"<15min response time, 99% uptime",28,ARTIFACT:artifacts/reports/hypercare-schedule.xlsx;ARTIFACT:artifacts/logs/incident-log.csv;ARTIFACT:artifacts/reports/response-time-report.pdf;ARTIFACT:artifacts/misc/uptime-dashboard.png;EVIDENCE:.specify/sprints/sprint-28/attestations/IFC-053/context_ack.json,GATE:response-time-check,240/480/960,2027-01-10,2027-01-22,0,IFC-052:FS,
IFC-054,Risk Mgmt,Technical Complexity Monitoring,CTO + Tech Lead (STOA-Foundation),,FILE:.specify/memory/Framework.md;FILE:audit-matrix.yml;POLICY:Complexity metrics for tRPC/LangChain defined,"Weekly assessment of technical debt and complexity; artifacts: sonarqube-debt-report.html, complexity-metrics.json, refactoring-backlog.md; targets: >=10%",Completed,"Tech debt <10%, complexity manageable",7,ARTIFACT:artifacts/metrics/complexity-metrics.json;ARTIFACT:docs/shared/refactoring-backlog.md;ARTIFACT:artifacts/misc/team-velocity.csv;EVIDENCE:.specify/sprints/sprint-7/attestations/IFC-054/context_ack.json,VALIDATE:pnpm typecheck,60/120/240,2026-03-22,2026-03-26,100,,
IFC-055,Risk Mgmt,Budget Tracking with FinOps,CFO + PM (STOA-Leadership),,FILE:.specify/memory/Framework.md;FILE:audit-matrix.yml;ENV:Cost monitoring for Vercel/Railway/OpenAI setup,"Weekly spend review with projections and alerts; artifacts: weekly-cost-report.csv, usage-alerts-config.yaml, cost-optimization-actions.md, invoice-tracker.csv; variance -66.3%",Completed,"Budget variance <10%, no surprise costs",8,SPEC:.specify/sprints/sprint-8/specifications/IFC-055-spec.md;PLAN:.specify/sprints/sprint-8/planning/IFC-055-plan.md;EVIDENCE:.specify/sprints/sprint-8/attestations/IFC-055/context_pack.md;EVIDENCE:.specify/sprints/sprint-8/attestations/IFC-055/context_ack.json;ARTIFACT:artifacts/reports/weekly-cost-report.csv;ARTIFACT:artifacts/misc/usage-alerts-config.yaml;ARTIFACT:docs/shared/cost-optimization-actions.md;ARTIFACT:artifacts/misc/invoice-tracker.csv,VALIDATE:pnpm lint,60/120/240,2026-04-05,2026-04-09,100,,
IFC-056,Risk Mgmt,Team Upskilling Program,HR + Tech Lead (STOA-Foundation),IFC-009,FILE:.specify/memory/Framework.md;FILE:audit-matrix.yml;ENV:Training paths for modern stack created;FILE:docs/shared/review-checklist.md;FILE:docs/operations/pr-checklist.md;FILE:artifacts/reports/team-skills-matrix.csv,"Continuous learning: tRPC, Next.js 16.0.10 (Turbopack FS caching, Cache Components, proxy replacing middleware), LangChain",Completed,"Team velocity increasing, confidence >4/5 (actual: 3.7/5)",9,ARTIFACT:artifacts/misc/skill-assessment-results.csv;ARTIFACT:artifacts/reports/training-completion.csv;ARTIFACT:artifacts/reports/confidence-survey.md;EVIDENCE:.specify/sprints/sprint-9/attestations/IFC-056/context_ack.json,VALIDATE:pnpm typecheck,120/240/480,2026-04-19,2026-04-26,100,IFC-009:FS,
IFC-057,Risk Mgmt,Vendor Lock-in Mitigation,PM + Tech Lead (STOA-Foundation),IFC-011,FILE:.specify/memory/Framework.md;FILE:audit-matrix.yml;POLICY:Abstraction layers identified;ENV:portability tested;FILE:artifacts/reports/supabase-usage-report.json,"Can migrate from Supabase/Vercel if needed; artifacts: vendor-abstraction-layers.md, migration-test-plan.yaml, portability-test.log",Completed,"Migration tested, <1 week effort (actual: 3-5 days)",9,ARTIFACT:docs/shared/vendor-abstraction-layers.md;ARTIFACT:artifacts/misc/migration-test-plan.yaml;ARTIFACT:artifacts/logs/portability-test.log;ARTIFACT:artifacts/reports/alternatives.csv;EVIDENCE:.specify/sprints/sprint-9/attestations/IFC-057/context_ack.json,VALIDATE:pnpm typecheck,90/180/360,2026-04-19,2026-04-25,100,IFC-011:FS,
IFC-058,Compliance,"GDPR baseline controls: Supabase RLS policies, data minimisation, retention hooks",DPO + Legal (STOA-Foundation),"IFC-017,IFC-127,IFC-008",FILE:.specify/memory/Framework.md;FILE:audit-matrix.yml;POLICY:RLS policies defined;POLICY:data flows mapped;FILE:docs/planning/adr/ADR-001-modern-stack.md;FILE:docs/planning/adr/ADR-007-data-governance.md;FILE:docs/security/zero-trust-design.md;FILE:docs/shared/review-checklist.md;FILE:docs/operations/quality-gates.md;FILE:docs/operations/pr-checklist.md;FILE:packages/db/src/client.ts;FILE:infra/supabase/migrations/20250124000000_rls_policies.sql;FILE:artifacts/reports/compliance-report.md,"Row Level Security implemented, privacy by design; artifacts: gdpr-compliance-checklist.xlsx, audit-trail-test.json, context_ack.json",Completed,"0 compliance gaps, audit trail complete",11,ARTIFACT:artifacts/reports/gdpr-compliance-checklist.csv;ARTIFACT:artifacts/misc/audit-trail-test.json;EVIDENCE:.specify/sprints/sprint-11/attestations/IFC-058/context_ack.json,AUDIT:security-review;VALIDATE:pnpm typecheck,120/240/480,2026-05-17,2026-05-24,100,"IFC-017:FS,IFC-127:FS,IFC-008:FS",
IFC-059,Compliance,ISO 42001 Readiness Assessment,External Auditor + CTO (STOA-Foundation),IFC-040,FILE:.specify/memory/Framework.md;FILE:audit-matrix.yml;ENV:AI governance framework drafted;FILE:docs/shared/production-checklist.md,"AI system compliance evaluated, roadmap created; artifacts: iso42001-assessment.pdf, ai-governance-framework.md, certification-roadmap.gantt; targets: >=70%",Backlog,"Readiness >70%, roadmap to certification",25,ARTIFACT:artifacts/reports/iso42001-assessment.pdf;ARTIFACT:docs/shared/ai-governance-framework.md;ARTIFACT:artifacts/misc/certification-roadmap.gantt;ARTIFACT:artifacts/reports/gap-remediation.xlsx;EVIDENCE:.specify/sprints/sprint-25/attestations/IFC-059/context_ack.json,VALIDATE:pnpm typecheck,120/240/480,2026-11-29,2026-12-06,0,IFC-040:FS,
IFC-060,Success,Success Metrics Review,CEO + All Leads (STOA-Leadership),IFC-052,FILE:.specify/memory/Framework.md;FILE:audit-matrix.yml;ENV:All KPIs tracked;ENV:data collected;FILE:docs/shared/review-checklist.md;FILE:artifacts/misc/deployment-log.txt,"Modern stack ROI validated, future roadmap; artifacts: success-metrics-dashboard.pdf, roi-calculation.xlsx, phase-2-proposal.pptx",Backlog,"All targets met, Phase 2 planned",28,ARTIFACT:artifacts/metrics/success-metrics-dashboard.pdf;ARTIFACT:artifacts/reports/roi-calculation.xlsx;ARTIFACT:artifacts/misc/phase-2-proposal.pptx;ARTIFACT:docs/shared/lessons-learned.md;EVIDENCE:.specify/sprints/sprint-28/attestations/IFC-060/context_ack.json,VALIDATE:pnpm lint,60/120/180,2027-01-10,2027-01-14,0,IFC-052:FS,
IFC-061,Core CRM,FLOW-006: Lead to Contact Conversion Logic,Backend Dev + Domain Expert (STOA-Domain),"IFC-089,IFC-101,IFC-102",IMPLEMENTS:FLOW-006;FILE:packages/domain/src/crm/lead/Lead.ts;FILE:packages/domain/src/crm/contact/Contact.ts;FILE:apps/api/src/modules/contact/contact.router.ts,"Lead converts to Contact with all data preserved, audit trail created; artifacts: conversion-service.ts, conversion.test.ts; targets: <200ms, 100% data integrity",Completed,"Conversion <200ms, 100% data preserved",14,ARTIFACT:packages/application/src/usecases/leads/ConvertLeadToContactUseCase.ts;ARTIFACT:packages/application/src/usecases/leads/__tests__/ConvertLeadToContactUseCase.test.ts;EVIDENCE:.specify/sprints/sprint-14/attestations/IFC-061/context_ack.json;ARTIFACT:docs/planning/adr/ADR-019-core-crm-foundation.md;ARTIFACT:docs/planning/prd-core-crm.md,VALIDATE:pnpm test,60/120/240,2026-06-28,2026-07-02,100,"IFC-089:FS,IFC-101:FS,IFC-102:FS",
IFC-062,Core CRM,FLOW-006: Lead to Deal Conversion Logic,Backend Dev + Domain Expert (STOA-Domain),"IFC-061,IFC-104",IMPLEMENTS:FLOW-006;FILE:packages/domain/src/crm/lead/Lead.ts;FILE:packages/domain/src/crm/opportunity/Opportunity.ts;FILE:apps/api/src/modules/opportunity/opportunity.router.ts,Lead converts to Deal/Opportunity with pipeline assignment; artifacts: deal-conversion-service.ts; targets: <200ms,Completed,"Conversion <200ms, automatic pipeline stage",14,ARTIFACT:packages/application/src/usecases/leads/ConvertLeadToDealUseCase.ts;ARTIFACT:packages/application/src/usecases/leads/__tests__/ConvertLeadToDealUseCase.test.ts;ARTIFACT:apps/api/src/modules/lead/__tests__/lead.convertToDeal.router.test.ts;EVIDENCE:.specify/sprints/sprint-14/attestations/IFC-062/context_ack.json,VALIDATE:pnpm test,60/120/240,2026-02-20,2026-02-20,100,"IFC-061:FS,IFC-104:FS",
IFC-063,Core CRM,FLOW-007: Pipeline Stage Customization,Frontend Dev + Backend Dev (STOA-Domain),"IFC-091,IFC-104",IMPLEMENTS:FLOW-007;FILE:apps/api/src/modules/opportunity/opportunity.router.ts;FILE:packages/domain/src/crm/opportunity/Opportunity.ts,"Users can customize pipeline stages, colors, and order; artifacts: pipeline-config.ts; targets: <100ms save",Completed,"Stage customization functional, persists <100ms",14,ARTIFACT:apps/api/src/modules/opportunity/pipeline-config.router.ts;ARTIFACT:apps/web/src/app/settings/pipeline/page.tsx;EVIDENCE:.specify/sprints/sprint-14/attestations/IFC-063/context_ack.json;ARTIFACT:docs/planning/adr/ADR-019-core-crm-foundation.md;ARTIFACT:docs/planning/prd-core-crm.md,VALIDATE:pnpm test,60/120/240,2026-06-28,2026-07-02,100,"IFC-091:FS,IFC-104:FS",
IFC-064,Core CRM,FLOW-007: Kanban Drag-Drop Persistence,Frontend Dev + Backend Dev (STOA-Domain),"IFC-091,IFC-063",IMPLEMENTS:FLOW-007;FILE:apps/api/src/modules/opportunity/opportunity.router.ts;FILE:apps/web/src/app/deals/(list)/page.tsx,"Drag-drop stage changes persist immediately with optimistic updates; targets: <300ms persist, instant UI",Completed,"Instant UI update, <300ms server persist",14,ARTIFACT:apps/web/src/components/deals/PipelineBoard.tsx;ARTIFACT:apps/web/src/components/deals/LossReasonModal.tsx;EVIDENCE:.specify/sprints/sprint-14/attestations/IFC-064/context_ack.json,VALIDATE:pnpm test,60/120/240,2026-07-03,2026-02-21,100,"IFC-091:FS,IFC-063:FS",
IFC-065,Core CRM,FLOW-009: Deal Won Closure Workflow,Backend Dev + Domain Expert (STOA-Domain),"IFC-091,IFC-092",IMPLEMENTS:FLOW-009;FILE:apps/api/src/modules/opportunity/opportunity.router.ts;FILE:packages/domain/src/crm/opportunity/Opportunity.ts,"Deal marked as Won triggers: revenue recognition, notifications, success metrics; targets: <500ms workflow",Completed,"Won workflow completes <500ms, all triggers fire",14,ARTIFACT:packages/application/src/usecases/deals/CloseDealWonUseCase.ts;ARTIFACT:packages/domain/src/crm/opportunity/OpportunityEvents.ts;EVIDENCE:.specify/sprints/sprint-14/attestations/IFC-065/context_ack.json,VALIDATE:pnpm test,60/120/240,2026-02-21,2026-02-21,100,"IFC-091:FS,IFC-092:FS",
IFC-066,Core CRM,FLOW-009: Deal Lost Closure Workflow,Backend Dev + Domain Expert (STOA-Domain),"IFC-091,IFC-092",IMPLEMENTS:FLOW-009;FILE:apps/api/src/modules/opportunity/opportunity.router.ts;FILE:packages/domain/src/crm/opportunity/Opportunity.ts,"Deal marked as Lost triggers: loss reason capture, analytics update, follow-up scheduling; targets: <500ms",Completed,"Lost workflow completes <500ms, reason captured",14,ARTIFACT:packages/application/src/usecases/deals/CloseDealLostUseCase.ts;ARTIFACT:apps/web/src/components/deals/LossReasonModal.tsx;EVIDENCE:.specify/sprints/sprint-14/attestations/IFC-066/context_ack.json,VALIDATE:pnpm test,60/120/240,2026-02-22,2026-02-22,100,"IFC-091:FS,IFC-092:FS",
IFC-067,Support,FLOW-012: Automatic Ticket Routing Engine,Backend Dev + AI Specialist (STOA-Intelligence),"IFC-093,IFC-095",IMPLEMENTS:FLOW-012;FILE:apps/api/src/modules/ticket/ticket.router.ts;FILE:apps/ai-worker/src/chains/scoring.chain.ts,"AI-powered ticket routing based on content, urgency, and agent skills; targets: <1s routing, >85% accuracy",Completed,"Routing <1s, >85% accuracy",14,ARTIFACT:apps/ai-worker/src/chains/ticket-routing.chain.ts;ARTIFACT:apps/api/src/modules/ticket/__tests__/routing.test.ts;EVIDENCE:.specify/sprints/sprint-14/attestations/IFC-067/context_ack.json,VALIDATE:pnpm test,120/240/480,2026-02-21,2026-02-22,100,"IFC-093:FS,IFC-095:FS",
IFC-068,Analytics,FLOW-015: Feedback Analytics Dashboard,Frontend Dev + Data Eng (STOA-Domain),"IFC-090,IFC-096",IMPLEMENTS:FLOW-015;FILE:apps/web/lib/tickets/sla-service.ts;FILE:apps/api/src/modules/opportunity/opportunity.router.ts,"Dashboard showing NPS, CSAT, feedback trends, sentiment analysis; targets: <2s load",Completed,"Dashboard loads <2s, real-time updates",14,ARTIFACT:apps/web/src/app/analytics/(list)/feedback/page.tsx;ARTIFACT:apps/api/src/modules/feedback/feedbackSurvey.router.ts;EVIDENCE:.specify/sprints/sprint-14/attestations/IFC-068/attestation.json,VALIDATE:pnpm test,90/180/360,2026-02-21,2026-02-21,100,"IFC-090:FS,IFC-096:FS",
IFC-069,Core CRM,FLOW-020: Unified Activity Feed Service,Backend Dev + Frontend Dev (STOA-Domain),"IFC-089,IFC-091,IFC-093,IFC-109",IMPLEMENTS:FLOW-020;FILE:packages/domain/src/crm/contact/ContactEvents.ts;FILE:apps/api/src/modules/contact/contact.router.ts,"Unified timeline showing all entity activities (leads, contacts, deals, tickets); targets: <500ms load, real-time",Completed,"Feed loads <500ms, real-time updates via WebSocket",14,ARTIFACT:apps/api/src/modules/misc/activity-feed.router.ts;ARTIFACT:apps/web/src/components/shared/activity-feed/ActivityFeed.tsx;ARTIFACT:packages/application/src/services/ActivityFeedService.ts;EVIDENCE:.specify/sprints/sprint-14/attestations/IFC-069/attestation.json,VALIDATE:pnpm test,120/240/480,2026-06-28,2026-07-05,100,"IFC-089:FS,IFC-091:FS,IFC-093:FS,IFC-109:FS",
IFC-070,Migration,Data Migration from Legacy,DA + DevOps (STOA-Automation),IFC-017,FILE:.specify/memory/Framework.md;FILE:audit-matrix.yml;POLICY:Prisma introspection complete;ENV:ETL designed;FILE:docs/planning/adr/ADR-007-data-governance.md;FILE:packages/db/src/client.ts,"Legacy data migrated with zero loss; artifacts: data-validation-report.csv, migration-log.txt, rollback-procedure.md",Completed,"100% data migrated, validation passed",18,SPEC:.specify/sprints/sprint-18/specifications/IFC-070-spec.md;PLAN:.specify/sprints/sprint-18/planning/IFC-070-plan.md;ARTIFACT:artifacts/reports/data-validation-report.csv;ARTIFACT:artifacts/misc/migration-log.txt;ARTIFACT:docs/shared/rollback-procedure.md;EVIDENCE:.specify/sprints/sprint-18/attestations/IFC-070/attestation.json;EVIDENCE:.specify/sprints/sprint-18/attestations/IFC-070/context_ack.json;EVIDENCE:.specify/sprints/sprint-18/execution/IFC-070/run-20260219T233157Z/IFC-070-delivery.md,VALIDATE:pnpm typecheck,180/360/720,2026-08-23,2026-09-01,100,IFC-017:FS,
IFC-071,Resilience,Multi-Region Setup,DevOps + DBA (STOA-Automation),IFC-040,FILE:.specify/memory/Framework.md;FILE:audit-matrix.yml;POLICY:Supabase regions evaluated;ENV:costs analyzed;FILE:docs/shared/production-checklist.md,"Multi-region database replication active; artifacts: multi-region-architecture.puml, replication-lag-metrics.json, cost-comparison.xlsx; targets: <5min, <30min; verified by: pnpm test",Backlog,"RPO <5min, RTO <30min, tested monthly",25,ARTIFACT:docs/shared/multi-region-architecture.puml;ARTIFACT:artifacts/metrics/replication-lag-metrics.json;ARTIFACT:artifacts/reports/cost-comparison.xlsx;EVIDENCE:.specify/sprints/sprint-25/attestations/IFC-071/context_ack.json,VALIDATE:pnpm test,180/360/720,2026-11-29,2026-12-08,0,IFC-040:FS,
IFC-072,Security,PHASE-040: Zero Trust Security Model,Security Eng + CTO (STOA-Security),"IFC-001,IFC-008",FILE:.specify/memory/Framework.md;FILE:audit-matrix.yml;ENV:Architecture reviewed;ENV:Supabase RLS studied;FILE:packages/db/prisma/schema.prisma;FILE:docs/security/zero-trust-design.md;FILE:docs/security/owasp-checklist.md;FILE:docs/planning/adr/ADR-001-modern-stack.md;FILE:artifacts/reports/compliance-report.md,"Zero trust with RLS, API authentication, mTLS; artifacts: zero-trust-design.md, pentest-summary.md, context_ack.json; verified by: pnpm test",Completed,"All endpoints secured, penetration tested",2,ARTIFACT:docs/security/zero-trust-design.md;ARTIFACT:docs/security/pentest-summary.md;EVIDENCE:.specify/sprints/sprint-2/attestations/IFC-072/context_ack.json,VALIDATE:pnpm test,120/240/480,2026-01-11,2026-01-18,100,"IFC-001:FS,IFC-008:FS",
IFC-073,Compliance,PHASE-040: Privacy Impact Assessment,DPO + Legal (STOA-Foundation),IFC-072,FILE:.specify/memory/Framework.md;FILE:audit-matrix.yml;POLICY:Data flows mapped;ENV:Supabase features reviewed;FILE:docs/shared/review-checklist.md;FILE:docs/operations/pr-checklist.md;FILE:docs/security/zero-trust-design.md,"DPIA complete for AI processing and data storage; output: dpia.md, risk-matrix.md; all risks documented, verified and mitigated",Completed,"All risks mitigated, controls documented",2,ARTIFACT:artifacts/reports/gdpr-compliance.md;ARTIFACT:artifacts/reports/risk-matrix.md;EVIDENCE:.specify/sprints/sprint-2/attestations/IFC-073/context_ack.json;ARTIFACT:artifacts/misc/compliance-calendar.json,VALIDATE:pnpm typecheck,60/120/240,2026-01-15,2026-01-19,100,IFC-072:FS,
IFC-074,Observability,PHASE-040: Full Stack Observability,SRE Lead + DevOps (STOA-Automation),IFC-003,FILE:.specify/memory/Framework.md;FILE:audit-matrix.yml;ENV:OpenTelemetry SDK integrated;ENV:Sentry configured;FILE:docs/planning/adr/ADR-001-modern-stack.md;FILE:apps/api/src/trpc.ts,"Traces, metrics, logs unified with context; artifacts: sentry-project-config.json, correlation-test.csv, mttr-baseline.json; targets: <2min",Completed,"MTTD <2min, root cause identifiable",1,ARTIFACT:artifacts/misc/sentry-project-config.json;ARTIFACT:artifacts/misc/correlation-test.csv;ARTIFACT:artifacts/misc/mttr-baseline.json;ARTIFACT:packages/observability/package.json;ARTIFACT:packages/observability/tsconfig.json;ARTIFACT:packages/observability/src/index.ts;ARTIFACT:packages/observability/src/tracing.ts;ARTIFACT:packages/observability/src/metrics.ts;ARTIFACT:packages/observability/src/logging.ts;ARTIFACT:packages/observability/src/tracer.ts;EVIDENCE:.specify/sprints/sprint-1/attestations/IFC-074/context_ack.json;ARTIFACT:apps/api/src/tracing/example.ts,VALIDATE:pnpm typecheck,90/180/360,2025-12-30,2026-01-05,100,IFC-003:FS,
IFC-075,Infrastructure,IaC with Terraform,DevOps (STOA-Automation),IFC-001,FILE:.specify/memory/Framework.md;FILE:audit-matrix.yml;ENV:Terraform installed;ENV:provider credentials ready;FILE:docs/planning/adr/ADR-001-modern-stack.md,"Supabase + Vercel + Railway provisioned via code; artifacts: main.tf, drift-detection-config.yaml, destroy-rebuild-test.log; targets: >=100%",Completed,"100% reproducible, drift detection active",1,ARTIFACT:infra/terraform/modules/supabase/main.tf;ARTIFACT:artifacts/misc/drift-detection-config.yaml;ARTIFACT:artifacts/logs/destroy-rebuild-test.log;ARTIFACT:artifacts/misc/architecture-spike/README.md;ARTIFACT:artifacts/misc/architecture-spike/performance-test.ts;ARTIFACT:artifacts/misc/architecture-spike/type-safety-validation.ts;ARTIFACT:artifacts/reports/IFC-075-implementation-summary.md;EVIDENCE:.specify/sprints/sprint-1/attestations/IFC-075/context_ack.json,VALIDATE:pnpm typecheck,120/240/480,2025-12-28,2026-01-04,100,IFC-001:FS,
IFC-076,Quality,Component Library (shadcn/ui),Frontend Dev + UX (STOA-Domain),"IFC-014,BRAND-002",FILE:.specify/memory/Framework.md;FILE:audit-matrix.yml;ENV:shadcn/ui installed;POLICY:design system defined;FILE:docs/design/token-mapping.md;FILE:docs/company/brand/visual-identity.md;FILE:artifacts/reports/web-vitals-report.json,"Reusable components with Storybook docs; artifacts: accessibility-audit.json, component-usage.csv, context_ack.json; targets: >=100%",Completed,"20+ components, 100% accessible",10,SPEC:.specify/sprints/sprint-10/specifications/IFC-076-spec.md;PLAN:.specify/sprints/sprint-10/planning/IFC-076-plan.md;EVIDENCE:.specify/sprints/sprint-10/attestations/IFC-076/context_pack.md;EVIDENCE:.specify/sprints/sprint-10/attestations/IFC-076/context_ack.json;ARTIFACT:artifacts/misc/accessibility-audit.json;ARTIFACT:artifacts/misc/component-usage.csv;ARTIFACT:packages/ui/src/components/*;ARTIFACT:packages/ui/src/lib/*;ARTIFACT:packages/ui/__tests__/*;ARTIFACT:packages/ui/.storybook/*;ARTIFACT:packages/ui/src/**;ARTIFACT:apps/web/src/components/billing/checkout-form.stories.tsx;ARTIFACT:apps/web/src/components/shared/email-verification.stories.tsx;ARTIFACT:apps/web/src/components/shared/mfa-qr-generator.stories.tsx;ARTIFACT:apps/web/src/components/shared/mfa-verification.stories.tsx,VALIDATE:pnpm --filter @intelliflow/web typecheck;VALIDATE:pnpm --filter @intelliflow/web test --run,120/240/480,2026-05-03,2026-05-10,100,"IFC-014:FS,BRAND-002:FS",
IFC-077,Security,PHASE-035: API Rate Limiting (tRPC + Upstash),Backend Dev + Security Eng (STOA-Security),IFC-013,FILE:.specify/memory/Framework.md;FILE:audit-matrix.yml;ENV:Upstash Redis ready;POLICY:rate limit strategy defined;FILE:docs/planning/adr/ADR-001-modern-stack.md;FILE:docs/security/zero-trust-design.md;FILE:docs/security/owasp-checklist.md;FILE:apps/api/src/modules/lead/lead.router.ts,"Rate limiting on all public endpoints; artifacts: rate-limit.ts, rate-limit-config.yaml, load-test-with-limits.json",Completed,"DDoS protection active, legit traffic unaffected",8,ARTIFACT:apps/api/src/middleware/rate-limit.ts;ARTIFACT:artifacts/misc/rate-limit-config.yaml;ARTIFACT:artifacts/misc/load-test-with-limits.json;ARTIFACT:artifacts/misc/false-positive.csv;ARTIFACT:apps/project-tracker/docs/metrics/_global/flows/FLOW-035.md;ARTIFACT:apps/project-tracker/docs/metrics/_global/phase-validations/PHASE-035-validation.md;EVIDENCE:.specify/sprints/sprint-8/attestations/IFC-077/context_ack.json,VALIDATE:pnpm typecheck;VALIDATE:pnpm test,60/120/240,2026-04-05,2026-04-09,100,IFC-013:FS,
IFC-078,Platform,Platform Engineering Foundation,DevOps + Tech Lead (STOA-Automation),IFC-012,FILE:.specify/memory/Framework.md;FILE:audit-matrix.yml;ENV:Turborepo mature;ENV:team needs assessed;FILE:docs/planning/adr/ADR-005-workflow-engine.md;FILE:docs/operations/engineering-playbook.md;FILE:turbo.json,"Internal Developer Platform basics, golden paths; artifacts: self-service-metrics.json, satisfaction-survey.md, context_ack.json",Completed,"Self-service deploys, standardized workflows",18,ARTIFACT:artifacts/metrics/self-service-metrics.json;ARTIFACT:artifacts/reports/satisfaction-survey.md;EVIDENCE:.specify/sprints/sprint-18/attestations/IFC-078/context_ack.json,VALIDATE:pnpm typecheck,120/240/480,2026-08-23,2026-08-30,100,IFC-012:FS,
IFC-079,Documentation,PHASE-041: Docusaurus Setup,Tech Writer + DevOps (STOA-Automation),IFC-012,FILE:.specify/memory/Framework.md;FILE:audit-matrix.yml;ENV:Turborepo ready;ENV:markdown templates created;FILE:turbo.json,"Docusaurus site with LLM-friendly structure; output: docusaurus.config.js, sidebars.js; site deployed and functional",Completed,"Site deployed, search working",7,ARTIFACT:docs/docusaurus.config.js;ARTIFACT:docs/sidebars.js;ARTIFACT:.github/workflows/ci.yml;ARTIFACT:docs/search-index.json;ARTIFACT:apps/project-tracker/docs/metrics/_global/phase-validations/PHASE-041-validation.md;EVIDENCE:.specify/sprints/sprint-7/attestations/IFC-079/context_ack.json,VALIDATE:pnpm lint,60/120/240,2026-03-22,2026-03-26,100,IFC-012:FS,
IFC-080,Documentation,PHASE-041: LLM-Friendly Documentation Templates,Tech Writer + AI Specialist (STOA-Intelligence),IFC-079,FILE:.specify/memory/Framework.md;FILE:audit-matrix.yml;ENV:Docusaurus ready;POLICY:chunking strategy defined;FILE:docs/docusaurus.config.js,"Templates with metadata, semantic structure, glossary; targets: >=100%",Completed,"100% docs follow template, chunks optimized",7,ARTIFACT:docs/glossary.md;ARTIFACT:docs/templates/chunking-strategy.md;ARTIFACT:apps/project-tracker/docs/metrics/_global/phase-validations/PHASE-041-validation.md;EVIDENCE:.specify/sprints/sprint-7/attestations/IFC-080/context_ack.json,VALIDATE:pnpm lint,45/90/180,2026-03-24,2026-03-28,100,IFC-079:FS,
IFC-081,Documentation,API Documentation (tRPC + OpenAPI),Backend Dev + Tech Writer (STOA-Domain),IFC-013,FILE:.specify/memory/Framework.md;FILE:audit-matrix.yml;POLICY:tRPC routes complete;ENV:trpc-openapi setup;FILE:docs/planning/adr/ADR-001-modern-stack.md;FILE:apps/api/src/modules/lead/lead.router.ts,"Auto-generated API docs, Postman collection; artifacts: openapi.json, postman-collection.json, context_ack.json; verified by: pnpm test",Completed,"All endpoints documented, examples included",12,ARTIFACT:apps/api/openapi.json;ARTIFACT:artifacts/misc/postman-collection.json;ARTIFACT:apps/project-tracker/docs/metrics/_global/flows/FLOW-002.md;ARTIFACT:apps/project-tracker/docs/metrics/_global/phase-validations/PHASE-002-validation.md;EVIDENCE:.specify/sprints/sprint-12/attestations/IFC-081/context_ack.json,VALIDATE:pnpm test,60/120/240,2026-05-31,2026-06-04,100,IFC-013:FS,
IFC-082,Documentation,Domain Knowledge Base,Tech Lead + Team (STOA-Foundation),IFC-080,FILE:.specify/memory/Framework.md;FILE:audit-matrix.yml;POLICY:DDD models documented;ENV:glossary created;FILE:docs/architecture/hex-boundaries.md;FILE:docs/planning/DDD-context-map.puml;FILE:docs/glossary.md,"Bounded contexts, aggregates, workflows documented",Completed,"Knowledge graph complete, searchable",7,ARTIFACT:artifacts/misc/knowledge-graph.json;ARTIFACT:docs/shared/context-map.puml;EVIDENCE:.specify/sprints/sprint-7/attestations/IFC-082/context_ack.json,VALIDATE:pnpm lint,90/180/360,2026-03-26,2026-04-01,100,IFC-080:FS,
IFC-083,Documentation,RAG Integration for Docs,AI Specialist + Tech Writer (STOA-Intelligence),"IFC-039,IFC-082",FILE:.specify/memory/Framework.md;FILE:audit-matrix.yml;ENV:pgvector ready;ENV:documentation indexed;FILE:artifacts/misc/embeddings-quality-test.json;FILE:artifacts/misc/knowledge-graph.json,"LLM can answer questions from documentation; targets: >=90%, <2s; gates: response-time-check",Backlog,"RAG accuracy >90%, responses <2s",23,ARTIFACT:artifacts/misc/rag-test-questions.json;ARTIFACT:artifacts/metrics/accuracy-evaluation.csv;ARTIFACT:artifacts/misc/response-time.png;EVIDENCE:.specify/sprints/sprint-23/attestations/IFC-083/context_ack.json,GATE:response-time-check,120/240/480,2026-11-01,2026-11-08,0,"IFC-039:FS,IFC-082:FS",
IFC-084,Documentation,Video Tutorials & Demos,Tech Writer + Marketing (STOA-Foundation),"IFC-050,SALES-002",FILE:.specify/memory/Framework.md;FILE:audit-matrix.yml;ENV:Features stable;ENV:scripts written;FILE:artifacts/misc/team-quiz-results.csv;FILE:docs/sales/sales-motion-playbook.md,"Loom videos for key features, embedded in docs; artifacts: video-links.json, viewer-analytics.csv, feedback-summary.md; targets: >=80%",Backlog,"10+ videos created, >80% satisfaction",27,ARTIFACT:artifacts/misc/video-links.json;ARTIFACT:artifacts/misc/viewer-analytics.csv;ARTIFACT:docs/shared/feedback-summary.md;EVIDENCE:.specify/sprints/sprint-27/attestations/IFC-084/context_ack.json,VALIDATE:pnpm typecheck,180/360/720,2026-12-27,2027-01-05,0,"IFC-050:FS,SALES-002:FS",
IFC-085,AI/ML,PHASE-040: Ollama Local Development,AI Specialist + DevOps (STOA-Intelligence),IFC-005,FILE:.specify/memory/Framework.md;FILE:audit-matrix.yml;ENV:Docker setup;ENV:Llama 3.1 downloaded;FILE:docs/operations/engineering-playbook.md;FILE:apps/ai-worker/src/chains/scoring.chain.ts,"Local LLM for dev/test, cost savings; artifacts: ollama-setup.sh, model-comparison.csv, cost-savings-report.json; targets: >=90%; accuracy-benchmarks.json must contain real Ollama execution timestamps and non-mock model versions",Completed,"Dev costs reduced 90%, same accuracy",2,ARTIFACT:artifacts/misc/ollama-setup.sh;ARTIFACT:artifacts/misc/model-comparison.csv;ARTIFACT:artifacts/reports/cost-savings-report.json;ARTIFACT:artifacts/benchmarks/accuracy-benchmarks.json;ARTIFACT:scripts/setup-ollama.sh;EVIDENCE:.specify/sprints/sprint-2/attestations/IFC-085/context_ack.json;ARTIFACT:docs/planning/adr/ADR-022-ai-features-quality.md;ARTIFACT:docs/planning/prd-ai-output-quality.md,VALIDATE:pnpm test;GATE:real-data-check,60/120/240,2026-01-11,2026-01-15,100,IFC-005:FS,
IFC-086,AI/ML,Model Versioning with Zep,AI Specialist + Backend Dev (STOA-Intelligence),IFC-020,FILE:.specify/memory/Framework.md;FILE:audit-matrix.yml;ENV:Zep configured;POLICY:versioning strategy defined;FILE:packages/db/prisma/schema.prisma;FILE:docs/ai-architecture.md,"All prompts and chains versioned, A/B testable; artifacts: prompt-versions.json, rollback-test.log, ab-test-config.yaml; targets: >=100%; Ollama provider must be fully implemented without throwing 'not yet implemented' errors",Completed,"100% reproducible results, rollback capable",14,ARTIFACT:packages/domain/src/ai/ChainVersionConstants.ts;ARTIFACT:packages/validators/src/chain-version.ts;ARTIFACT:packages/application/src/services/ChainVersionService.ts;ARTIFACT:apps/ai-worker/src/versioning/version-loader.ts;ARTIFACT:apps/api/src/modules/chain-version/chain-version.router.ts;ARTIFACT:artifacts/misc/prompt-versions/prompt-versions-latest.json;ARTIFACT:artifacts/misc/ab-test-config.yaml;EVIDENCE:.specify/sprints/sprint-14/attestations/IFC-086/context_ack.json;ARTIFACT:docs/planning/adr/ADR-022-ai-features-quality.md;ARTIFACT:docs/planning/prd-ai-output-quality.md,VALIDATE:pnpm test;GATE:no-throw-not-implemented,120/240/480,2026-06-28,2026-07-05,100,IFC-020:FS,
IFC-087,Performance,Edge Functions Optimization,Frontend Dev + DevOps (STOA-Automation),IFC-014,FILE:.specify/memory/Framework.md;FILE:audit-matrix.yml;ENV:Vercel Edge Runtime studied;POLICY:use cases identified;FILE:artifacts/reports/web-vitals-report.json,"Critical paths on edge, <50ms response globally; artifacts: edge-performance-map.json, cost-analysis-edge.xlsx, global-latency.csv",Backlog,"TTFB <50ms worldwide, costs optimized",20,ARTIFACT:artifacts/benchmarks/edge-performance-map.json;ARTIFACT:artifacts/reports/cost-analysis-edge.xlsx;ARTIFACT:artifacts/misc/global-latency.csv;EVIDENCE:.specify/sprints/sprint-20/attestations/IFC-087/context_ack.json,VALIDATE:pnpm --filter @intelliflow/web typecheck;VALIDATE:pnpm --filter @intelliflow/web test --run,90/180/360,2026-09-20,2026-09-26,0,IFC-014:FS,
IFC-088,Quality,Continuous Quality Metrics,QA Lead + PM (STOA-Quality),IFC-044,FILE:.specify/memory/Framework.md;FILE:audit-matrix.yml;ENV:SonarQube integrated;ENV:dashboards created;FILE:docs/operations/quality-gates.md,"Quality gates enforced, technical debt tracked; artifacts: sonarqube-project.properties, quality-gate-config.json, debt-trending.pdf; targets: >=3%",Completed,"Code quality A rating, debt ratio <3%",14,ARTIFACT:artifacts/misc/sonar-project.properties;ARTIFACT:artifacts/misc/quality-gate-config.json;ARTIFACT:artifacts/reports/sonarqube-debt-report.html;ARTIFACT:docs/shared/refactoring-backlog.md;ARTIFACT:scripts/sonar-iterative.js;ARTIFACT:scripts/sonar-new-issues.js;ARTIFACT:scripts/sonar-report-generator.js;ARTIFACT:scripts/sonar-scan.js;ARTIFACT:scripts/sonar-set-new-code-baseline.js;ARTIFACT:scripts/sonar-status.js;ARTIFACT:scripts/sonar-tracker.js;ARTIFACT:scripts/sonarqube-helper.js;ARTIFACT:scripts/setup-quality-tools.sh;ARTIFACT:scripts/pnpm-audit-report.js;EVIDENCE:.specify/sprints/sprint-14/attestations/IFC-088/context_ack.json,VALIDATE:pnpm typecheck,120/240/480,2026-06-28,2026-07-05,100,IFC-044:FS,
IFC-089,Core CRM,"FLOW-005-A, FLOW-006, FLOW-014, FLOW-010-A: Contacts Module - Create/Edit/Search",Frontend Dev + Backend Dev (STOA-Domain),"IFC-002,IFC-004,IFC-102",IMPLEMENTS:FLOW-005;IMPLEMENTS:FLOW-006;IMPLEMENTS:FLOW-014;IMPLEMENTS:FLOW-010;FILE:.specify/memory/Framework.md;FILE:audit-matrix.yml;ENV:DDD model extended with ContactAggregate;ENV:UI for CRUD;FILE:packages/db/prisma/schema.prisma;FILE:apps/web/src/app/leads/(list)/new/page.tsx,"Contacts CRUD working, search <200ms",Completed,"Contacts CRUD working, search <200ms",5,ARTIFACT:apps/api/src/modules/contact/contact.router.ts;EVIDENCE:.specify/sprints/sprint-5/attestations/IFC-089/context_ack.json;ARTIFACT:docs/planning/adr/ADR-019-core-crm-foundation.md;ARTIFACT:docs/planning/prd-core-crm.md;ARTIFACT:packages/adapters/src/calendar/__tests__/CalendarAdapter.test.ts;ARTIFACT:packages/adapters/src/calendar/__tests__/CalendarIntegration.test.ts;ARTIFACT:packages/adapters/src/calendar/__tests__/IdempotencyManager.test.ts;ARTIFACT:packages/adapters/src/calendar/__tests__/RetryHandler.test.ts,VALIDATE:pnpm --filter @intelliflow/web typecheck;VALIDATE:pnpm --filter @intelliflow/web test --run,90/180/360,2026-02-22,2026-02-28,100,"IFC-002:FS,IFC-004:FS,IFC-102:FS",
IFC-090,Core CRM,Contact 360 Page - Full Detail View,Frontend Dev + UX Designer (STOA-Domain),IFC-089,"FILE:docs/design/page-registry.md;DESIGN:docs/design/mockups/contact-360-view.png;FILE:docs/company/brand/visual-identity.md;FILE:docs/company/brand/style-guide.md;FILE:docs/company/brand/dos-and-donts.md;FILE:docs/company/brand/accessibility-patterns.md;FILE:.specify/memory/Framework.md;FILE:audit-matrix.yml;ENV:Header with contact photo+name+company+metrics;ENV:tabs (Overview,Activity Timeline,Deals,Tickets,Documents,AI Insights);ENV:Right sidebar with Tasks+AI Insights+Notes;FILE:apps/api/src/modules/contact/contact.router.ts","360 page functional with >90 Lighthouse score matching design mockup; artifacts: lighthouse-360-report.html, context_ack.json; gates: lighthouse-gte-90",Completed,360 page functional with >90 Lighthouse score,6,ARTIFACT:artifacts/lighthouse/lighthouse-360-report.html;EVIDENCE:.specify/sprints/sprint-6/attestations/IFC-090/context_ack.json;ARTIFACT:docs/planning/adr/ADR-019-core-crm-foundation.md;ARTIFACT:docs/planning/prd-core-crm.md,GATE:lighthouse-gte-90,90/180/360,2026-03-08,2026-03-14,100,IFC-089:FS,
IFC-091,Core CRM,Deals Pipeline - Kanban Board,Frontend Dev + Backend Dev (STOA-Domain),"IFC-002,IFC-004,IFC-104","FILE:docs/design/page-registry.md;DESIGN:docs/design/mockups/dashboard-overview.png;FILE:docs/company/brand/visual-identity.md;FILE:docs/company/brand/style-guide.md;FILE:docs/company/brand/dos-and-donts.md;FILE:docs/company/brand/accessibility-patterns.md;IMPLEMENTS:FLOW-007;IMPLEMENTS:FLOW-008;FILE:.specify/memory/Framework.md;FILE:audit-matrix.yml;ENV:Pipeline stages (Qualification,Needs Analysis,Proposal,Negotiation,Closed);ENV:Drag-and-drop Kanban;ENV:Deals by Stage pie chart;ENV:Revenue bar chart;FILE:docs/operations/quality-gates.md;FILE:packages/db/prisma/schema.prisma","Kanban board working matching design mockup, stage changes persist <300ms; artifacts: deals.router.ts, context_ack.json",Completed,"Kanban board working, stage changes persist <300ms",6,ARTIFACT:apps/api/src/modules/opportunity/opportunity.router.ts;EVIDENCE:.specify/sprints/sprint-6/attestations/IFC-091/context_ack.json;ARTIFACT:docs/planning/adr/ADR-019-core-crm-foundation.md;ARTIFACT:docs/planning/prd-core-crm.md,VALIDATE:pnpm --filter @intelliflow/web typecheck;VALIDATE:pnpm --filter @intelliflow/web test --run,90/180/360,2026-03-10,2026-03-16,100,"IFC-002:FS,IFC-004:FS,IFC-104:FS",
IFC-092,Core CRM,Deal Forecasting & Reporting,Data Eng + Backend Dev (STOA-Domain),IFC-091,FILE:.specify/memory/Framework.md;FILE:audit-matrix.yml;ENV:Forecast algorithms;ENV:KPIs: win rate;ENV:total pipeline value;FILE:apps/api/src/modules/opportunity/opportunity.router.ts,"Forecast accuracy ≥85%; artifacts: forecast-algorithm.test.ts, accuracy-backtest.csv, context_ack.json",Completed,Forecast accuracy ≥85% (actual: 96.2%),7,ARTIFACT:apps/api/src/shared/forecast-algorithm.test.ts;ARTIFACT:artifacts/metrics/accuracy-backtest.csv;EVIDENCE:.specify/sprints/sprint-7/attestations/IFC-092/context_ack.json;ARTIFACT:docs/planning/adr/ADR-019-core-crm-foundation.md;ARTIFACT:docs/planning/prd-core-crm.md,VALIDATE:pnpm --filter @intelliflow/api typecheck;VALIDATE:pnpm --filter @intelliflow/api test --run,90/180/360,2026-03-22,2026-03-28,100,IFC-091:FS,
IFC-093,Core CRM,Tickets Module - SLA Tracking,Backend Dev + Frontend Dev (STOA-Domain),"IFC-002,IFC-004,IFC-188",IMPLEMENTS:FLOW-011;IMPLEMENTS:FLOW-013;FILE:.specify/memory/Framework.md;FILE:audit-matrix.yml;ENV:Ticket entity;ENV:SLA badge colors;ENV:notifications;FILE:packages/db/prisma/schema.prisma;FILE:apps/web/src/app/leads/(list)/new/page.tsx,"Tickets visible, SLA breach alerts in <1m; artifacts: sla-notification.test.ts, context_ack.json",Completed,"Tickets visible, SLA breach alerts in <1m (actual: 30s)",7,ARTIFACT:apps/web/lib/tickets/sla-service.ts;ARTIFACT:apps/web/lib/tickets/sla-notifications.ts;ARTIFACT:apps/web/lib/tickets/sla-notifications.test.ts;EVIDENCE:.specify/sprints/sprint-7/attestations/IFC-093/context_ack.json;ARTIFACT:docs/planning/adr/ADR-019-core-crm-foundation.md;ARTIFACT:docs/planning/prd-core-crm.md,VALIDATE:pnpm --filter @intelliflow/web typecheck;VALIDATE:pnpm --filter @intelliflow/web test --run,90/180/360,2026-03-24,2026-03-30,100,"IFC-002:FS,IFC-004:FS,IFC-188:FS",
IFC-094,Core CRM,Documents Management - Upload & Sign,Backend Dev + Integrations Eng (STOA-Domain),"IFC-090,IFC-106",FILE:.specify/memory/Framework.md;FILE:audit-matrix.yml;ENV:Integration with DocuSign/Adobe Sign;ENV:version history;ENV:inline previews;FILE:artifacts/lighthouse/lighthouse-360-report.html;FILE:docs/architecture/hex-boundaries.md,"Contracts signed electronically, preview inline; artifacts: e-signature-test.pdf, context_ack.json",Completed,,8,SPEC:.specify/sprints/sprint-8/specifications/IFC-094-spec.md;PLAN:.specify/sprints/sprint-8/planning/IFC-094-plan.md;EVIDENCE:.specify/sprints/sprint-8/attestations/IFC-094/context_pack.md;EVIDENCE:.specify/sprints/sprint-8/attestations/IFC-094/context_ack.json;ARTIFACT:artifacts/reports/e-signature-test.pdf;ARTIFACT:docs/planning/adr/ADR-019-core-crm-foundation.md;ARTIFACT:docs/planning/prd-core-crm.md,AUDIT:code-review,90/180/360,2026-02-19,2026-02-19,100,"IFC-090:FS,IFC-106:FS",
IFC-095,AI Insights,Churn Risk & Next Best Action,AI Specialist + Backend Dev (STOA-Intelligence),"IFC-005,IFC-090,IFC-108",FILE:.specify/memory/Framework.md;FILE:audit-matrix.yml;ENV:ML pipeline for churn risk;ENV:recommendations in Contact 360;FILE:apps/ai-worker/src/chains/scoring.chain.ts;FILE:artifacts/lighthouse/lighthouse-360-report.html,"AI predictions <2s, accuracy >80%; artifacts: model-evaluation.ipynb, context_ack.json; processChurnRisk/processNextBestAction/processQualification must call real AI chains, not return hardcoded mock values",Completed,"AI predictions <2s (actual: 1.2s), accuracy >80% (actual: 85.2%), full-stack integration complete (API router, UI components, 360 views)",6,SPEC:.specify/sprints/sprint-6/specifications/IFC-095-spec.md;PLAN:.specify/sprints/sprint-6/planning/IFC-095-plan.md;ARTIFACT:artifacts/misc/model-evaluation.ipynb;ARTIFACT:apps/api/src/modules/intelligence/intelligence.router.ts;ARTIFACT:packages/ui/src/components/intelligence/ChurnRiskCard.tsx;ARTIFACT:packages/ui/src/components/intelligence/NextBestActionCard.tsx;EVIDENCE:.specify/sprints/sprint-6/attestations/IFC-095/context_ack.json;ARTIFACT:docs/planning/adr/ADR-022-ai-features-quality.md;ARTIFACT:docs/planning/prd-ai-output-quality.md,GATE:no-hardcoded-predictions;VALIDATE:pnpm --filter @intelliflow/api typecheck;VALIDATE:pnpm --filter @intelliflow/api test --run,120/240/480,2026-04-07,2026-04-14,100,"IFC-005:FS,IFC-090:FS,IFC-108:FS",
IFC-096,Reports,Custom Reports & Dashboards,Frontend Dev + Data Eng (STOA-Domain),"IFC-091,IFC-092,IFC-108",FILE:docs/design/page-registry.md;FILE:docs/company/brand/visual-identity.md;FILE:docs/company/brand/style-guide.md;FILE:docs/company/brand/dos-and-donts.md;FILE:docs/company/brand/accessibility-patterns.md;FILE:.specify/memory/Framework.md;FILE:audit-matrix.yml;ENV:Drag-and-drop widget builder;ENV:export CSV/PDF;FILE:docs/architecture/hex-boundaries.md;FILE:apps/api/src/modules/opportunity/opportunity.router.ts;FILE:apps/api/src/shared/forecast-algorithm.test.ts,"Custom dashboards created, export functional; artifacts: context_ack.json; verified by: pnpm build",Completed,"Custom dashboards created, export functional",9,EVIDENCE:.specify/sprints/sprint-9/attestations/IFC-096/context_ack.json;ARTIFACT:docs/planning/prd-analytics-reporting.md,VALIDATE:pnpm build,90/180/360,2026-04-19,2026-04-25,100,"IFC-091:FS,IFC-092:FS,IFC-108:FS",
IFC-097,Ops & Observability,Distributed Tracing & Logging,DevOps + SRE (STOA-Automation),IFC-007,FILE:.specify/memory/Framework.md;FILE:audit-matrix.yml;ENV:OpenTelemetry;ENV:Prometheus metrics;ENV:Loki logs;ENV:Grafana dashboards;FILE:docs/planning/adr/ADR-008-audit-logging.md;FILE:docs/operations/quality-gates.md;FILE:artifacts/misc/k6/scripts/load-test.js,"99% of requests traced, dashboards available; artifacts: dashboard-catalog.md, context_ack.json; gates: coverage-gte-90",Completed,"99% of requests traced (actual: 99.0%), dashboards available (20 documented)",9,ARTIFACT:docs/shared/dashboard-catalog.md;EVIDENCE:.specify/sprints/sprint-9/attestations/IFC-097/context_ack.json,GATE:coverage-gte-90,90/180/360,2026-04-21,2026-04-27,100,IFC-007:FS,
IFC-098,Security,RBAC/ABAC & Audit Trail,Security Eng + Backend Dev (STOA-Security),IFC-008,FILE:.specify/memory/Framework.md;FILE:audit-matrix.yml;ENV:Role/attribute-based permissions;ENV:audit logs for all actions;FILE:docs/planning/adr/ADR-008-audit-logging.md;FILE:docs/security/zero-trust-design.md;FILE:docs/security/owasp-checklist.md;FILE:artifacts/reports/compliance-report.md,"100% actions logged, RBAC functional; artifacts: schema-audit.prisma, audit-coverage.test.ts, context_ack.json; verified by: pnpm test",Completed,"100% actions logged, RBAC functional",5,ARTIFACT:packages/db/prisma/schema-audit.prisma;ARTIFACT:apps/api/src/security/index.ts;ARTIFACT:apps/api/src/security/audit-coverage-test.ts;EVIDENCE:.specify/sprints/sprint-5/attestations/IFC-098/context_ack.json,VALIDATE:pnpm test,120/240/480,2026-02-24,2026-03-02,100,IFC-008:FS,
IFC-099,Integrations,ERP/Payment/Email Connectors,Integrations Eng + Backend Dev (STOA-Domain),"IFC-006,IFC-106",FILE:.specify/memory/Framework.md;FILE:audit-matrix.yml;ENV:Adapters for ERP (SAP);ENV:Stripe/PayPal;ENV:Gmail/Outlook;ENV:Slack/Teams;FILE:apps/api/src/lib/supabase.ts;FILE:docs/architecture/hex-boundaries.md,"ERP sync functional, payments processed, emails sent; artifacts: connector-status-dashboard.json, context_ack.json; verified by: pnpm test; Each adapter must have integration test AND be wired to an API router",Completed,"ERP sync functional, payments processed, emails sent",10,ARTIFACT:artifacts/misc/connector-status-dashboard.json;ARTIFACT:packages/adapters/src/erp/sap/client.ts;ARTIFACT:packages/adapters/src/payments/stripe/client.ts;ARTIFACT:packages/adapters/src/payments/paypal/client.ts;ARTIFACT:packages/adapters/src/email/gmail/client.ts;ARTIFACT:packages/adapters/src/email/outlook/client.ts;ARTIFACT:packages/adapters/src/messaging/slack/client.ts;ARTIFACT:packages/adapters/src/messaging/teams/client.ts;ARTIFACT:packages/adapters/src/messaging/WebhookServiceAdapter.ts;ARTIFACT:packages/webhooks/package.json;ARTIFACT:packages/webhooks/src/*;EVIDENCE:.specify/sprints/sprint-10/attestations/IFC-099/context_ack.json;ARTIFACT:docs/planning/prd-erp-connectors.md;ARTIFACT:tests/integration/connectors/email.test.ts;ARTIFACT:tests/integration/connectors/erp.test.ts;ARTIFACT:tests/integration/connectors/messaging.test.ts;ARTIFACT:tests/integration/connectors/payments.test.ts,VALIDATE:pnpm test;GATE:integration-wired;GATE:provider-test-exists,180/360/720,2026-05-03,2026-05-12,100,"IFC-006:FS,IFC-106:FS",
IFC-100,Governance,ADR Registry & Compliance Reporting,PM + CTO (STOA-Foundation),"IFC-008,GOV-001",FILE:.specify/memory/Framework.md;FILE:audit-matrix.yml;ENV:ADR templates;ENV:ISO 27001/42001/14001 compliance docs;FILE:docs/planning/adr/ADR-008-audit-logging.md;FILE:docs/architecture/adr/000-template.md;FILE:artifacts/reports/compliance-report.md,"ADR repo active, compliance docs ready; artifacts: adr-index.md, compliance-dashboard-mockup.md, context_ack.json",Completed,"ADR repo active, compliance docs ready",6,ARTIFACT:docs/shared/adr-index.md;ARTIFACT:artifacts/misc/compliance-dashboard-mockup.md;EVIDENCE:.specify/sprints/sprint-6/attestations/IFC-100/context_ack.json,VALIDATE:pnpm typecheck,60/120/240,2026-05-07,2026-05-11,100,"IFC-008:FS,GOV-001:FS",
PG-001,Public Pages,Home Page (Public),Growth FE (STOA-Foundation),"IFC-076,GTM-002,BRAND-001",FILE:docs/design/page-registry.md;FILE:.specify/memory/Framework.md;FILE:audit-matrix.yml;POLICY:Design approved;ENV:content ready;FILE:artifacts/misc/accessibility-audit.json;FILE:docs/company/messaging/positioning.md;FILE:docs/company/brand/visual-identity.md;FILE:docs/company/brand/style-guide.md;FILE:docs/company/brand/dos-and-donts.md;FILE:docs/company/brand/accessibility-patterns.md;FILE:docs/planning/prd-home-page.md;FILE:docs/specs/HOME-PAGE-SPEC.md,"Response <200ms, Lighthouse ≥90, SEO optimized; artifacts: page.tsx, PublicHomePage.tsx, loading.tsx, error.tsx; gates: lighthouse-gte-90",Completed,"Page live, performance met, SEO indexed",11,SPEC:.specify/sprints/sprint-11/specifications/PG-001-spec.md;PLAN:.specify/sprints/sprint-11/planning/PG-001-plan.md;EVIDENCE:.specify/sprints/sprint-11/attestations/PG-001/context_pack.md;EVIDENCE:.specify/sprints/sprint-11/attestations/PG-001/context_ack.json;ARTIFACT:apps/web/src/app/(public)/page.tsx;ARTIFACT:apps/web/src/components/home/PublicHomePage.tsx;ARTIFACT:apps/web/src/app/(public)/loading.tsx;ARTIFACT:apps/web/src/app/(public)/error.tsx;ARTIFACT:artifacts/misc/seo-meta.json;ARTIFACT:docs/planning/adr/ADR-020-public-site-auth.md;ARTIFACT:docs/planning/prd-public-site-auth.md;ARTIFACT:docs/planning/prd-home-page.md;SPEC:docs/specs/HOME-PAGE-SPEC.md,GATE:lighthouse-gte-90,60/120/240,2026-05-17,2026-05-21,100,"IFC-076:FS,GTM-002:FS,BRAND-001:FS",
PG-002,Public Pages,Features Page,Growth FE (STOA-Foundation),"PG-001,GTM-002,BRAND-001",FILE:docs/design/page-registry.md;FILE:.specify/memory/Framework.md;FILE:audit-matrix.yml;POLICY:Feature list defined;ENV:benefits clear;FILE:apps/web/src/app/(public)/page.tsx;FILE:docs/company/messaging/positioning.md;FILE:docs/company/brand/visual-identity.md;FILE:docs/company/brand/style-guide.md;FILE:docs/company/brand/dos-and-donts.md;FILE:docs/company/brand/accessibility-patterns.md,"Response <200ms, Lighthouse ≥90, conversion optimized; artifacts: page.tsx, features-content.json, conversion-tracking.js",Completed,"Page live, features showcased, CTA working",11,ARTIFACT:apps/web/src/app/(public)/features/page.tsx;ARTIFACT:artifacts/misc/features-content.json;ARTIFACT:artifacts/misc/conversion-tracking.js;EVIDENCE:.specify/sprints/sprint-11/attestations/PG-002/context_ack.json;ARTIFACT:docs/planning/adr/ADR-020-public-site-auth.md;ARTIFACT:docs/planning/prd-public-site-auth.md,GATE:lighthouse-gte-90;VALIDATE:pnpm --filter @intelliflow/web typecheck;VALIDATE:pnpm --filter @intelliflow/web test --run,60/120/240,2026-05-19,2026-05-23,100,"PG-001:FS,GTM-002:FS,BRAND-001:FS",
PG-003,Public Pages,Pricing Page,Growth FE (STOA-Foundation),"PG-001,GTM-002,BRAND-001",FILE:docs/design/page-registry.md;FILE:.specify/memory/Framework.md;FILE:audit-matrix.yml;POLICY:Pricing tiers defined;ENV:calculator ready;FILE:docs/shared/review-checklist.md;FILE:docs/operations/quality-gates.md;FILE:docs/operations/pr-checklist.md;FILE:apps/web/src/app/(public)/page.tsx;FILE:docs/company/messaging/positioning.md;FILE:docs/company/brand/visual-identity.md;FILE:docs/company/brand/style-guide.md;FILE:docs/company/brand/dos-and-donts.md;FILE:docs/company/brand/accessibility-patterns.md,"Response <200ms, Lighthouse ≥90, calculator functional; artifacts: page.tsx, pricing-calculator.tsx, stripe-integration.ts",Completed,"Pricing clear, calculator working, Stripe ready",11,ARTIFACT:apps/web/src/app/(public)/pricing/page.tsx;ARTIFACT:apps/web/src/components/pricing/pricing-calculator.tsx;ARTIFACT:apps/web/src/lib/pricing/stripe-integration.ts;EVIDENCE:.specify/sprints/sprint-11/attestations/PG-003/context_ack.json;ARTIFACT:docs/planning/adr/ADR-020-public-site-auth.md;ARTIFACT:docs/planning/prd-public-site-auth.md,GATE:lighthouse-gte-90;VALIDATE:pnpm --filter @intelliflow/web typecheck;VALIDATE:pnpm --filter @intelliflow/web test --run,60/120/240,2026-05-21,2026-05-25,100,"PG-001:FS,GTM-002:FS,BRAND-001:FS",
PG-004,Public Pages,About Page,Growth FE (STOA-Foundation),"PG-001,GTM-002,BRAND-001",FILE:docs/design/page-registry.md;FILE:.specify/memory/Framework.md;FILE:audit-matrix.yml;ENV:Company story written;ENV:team photos ready;FILE:apps/web/src/app/(public)/page.tsx;FILE:docs/company/messaging/positioning.md;FILE:docs/company/brand/visual-identity.md;FILE:docs/company/brand/style-guide.md;FILE:docs/company/brand/dos-and-donts.md;FILE:docs/company/brand/accessibility-patterns.md,"Response <200ms, Lighthouse ≥90, team displayed; artifacts: page.tsx, team-data.json, about-content.md",Completed,"Story told, team showcased, culture visible",11,ARTIFACT:apps/web/src/app/(public)/about/page.tsx;ARTIFACT:apps/web/src/data/team-data.json;ARTIFACT:docs/about/about-content.md;EVIDENCE:.specify/sprints/sprint-11/attestations/PG-004/context_ack.json;ARTIFACT:docs/planning/adr/ADR-020-public-site-auth.md;ARTIFACT:docs/planning/prd-public-site-auth.md,GATE:lighthouse-gte-90;VALIDATE:pnpm --filter @intelliflow/web typecheck;VALIDATE:pnpm --filter @intelliflow/web test --run,60/120/240,2026-05-23,2026-05-27,100,"PG-001:FS,GTM-002:FS,BRAND-001:FS",
PG-005,Public Pages,Contact Page,Growth FE (STOA-Foundation),"PG-001,GTM-002,BRAND-001",FILE:docs/design/page-registry.md;FILE:.specify/memory/Framework.md;FILE:audit-matrix.yml;ENV:Contact form designed;ENV:validation rules;FILE:apps/web/src/app/(public)/page.tsx;FILE:docs/company/messaging/positioning.md;FILE:docs/company/brand/visual-identity.md;FILE:docs/company/brand/style-guide.md;FILE:docs/company/brand/dos-and-donts.md;FILE:docs/company/brand/accessibility-patterns.md,"Response <200ms, Lighthouse ≥90, form working; artifacts: page.tsx, contact-form.tsx, email-handler.ts",Completed,"Form submitting, validation working, emails sent",11,ARTIFACT:apps/web/src/app/(public)/contact/page.tsx;ARTIFACT:apps/web/src/components/shared/contact-form.tsx;ARTIFACT:apps/web/src/lib/shared/email-handler.ts;EVIDENCE:.specify/sprints/sprint-11/attestations/PG-005/context_ack.json;ARTIFACT:docs/planning/adr/ADR-020-public-site-auth.md;ARTIFACT:docs/planning/prd-public-site-auth.md,GATE:lighthouse-gte-90;VALIDATE:pnpm --filter @intelliflow/web typecheck;VALIDATE:pnpm --filter @intelliflow/web test --run,60/120/240,2026-05-25,2026-05-29,100,"PG-001:FS,GTM-002:FS,BRAND-001:FS",
PG-006,Public Pages,Partners Page,Growth FE (STOA-Foundation),"PG-001,GTM-002,BRAND-001",FILE:docs/design/page-registry.md;FILE:.specify/memory/Framework.md;FILE:audit-matrix.yml;ENV:Partner logos;ENV:benefits outlined;FILE:apps/web/src/app/(public)/page.tsx;FILE:docs/company/messaging/positioning.md;FILE:docs/company/brand/visual-identity.md;FILE:docs/company/brand/style-guide.md;FILE:docs/company/brand/dos-and-donts.md;FILE:docs/company/brand/accessibility-patterns.md,"Response <200ms, Lighthouse ≥90, logos displayed; artifacts: page.tsx, partner-benefits.json, context_ack.json",Completed,"Partners showcased, benefits clear, CTAs working",11,ARTIFACT:apps/web/src/app/(public)/partners/page.tsx;ARTIFACT:artifacts/misc/partner-benefits.json;EVIDENCE:.specify/sprints/sprint-11/attestations/PG-006/context_ack.json;ARTIFACT:docs/planning/adr/ADR-020-public-site-auth.md;ARTIFACT:docs/planning/prd-public-site-auth.md;ARTIFACT:apps/web/src/data/partner-benefits.json,GATE:lighthouse-gte-90;VALIDATE:pnpm --filter @intelliflow/web typecheck;VALIDATE:pnpm --filter @intelliflow/web test --run,60/120/240,2026-05-27,2026-05-31,100,"PG-001:FS,GTM-002:FS,BRAND-001:FS",
PG-007,Public Pages,Press Page,Growth FE (STOA-Foundation),"PG-001,GTM-002,BRAND-001",FILE:docs/design/page-registry.md;FILE:.specify/memory/Framework.md;FILE:audit-matrix.yml;ENV:Press releases;ENV:media kit ready;FILE:docs/shared/review-checklist.md;FILE:docs/operations/pr-checklist.md;FILE:apps/web/src/app/(public)/page.tsx;FILE:docs/company/messaging/positioning.md;FILE:docs/company/brand/visual-identity.md;FILE:docs/company/brand/style-guide.md;FILE:docs/company/brand/dos-and-donts.md;FILE:docs/company/brand/accessibility-patterns.md,"Response <200ms, Lighthouse ≥90, downloads working; artifacts: page.tsx, media-kit.zip, context_ack.json",Completed,"Press releases live, media kit downloadable",11,ARTIFACT:apps/web/src/app/(public)/press/page.tsx;ARTIFACT:apps/web/src/data/press-releases.json;EVIDENCE:.specify/sprints/sprint-11/attestations/PG-007/attestation.json;ARTIFACT:docs/planning/adr/ADR-020-public-site-auth.md;ARTIFACT:docs/planning/prd-public-site-auth.md,GATE:lighthouse-gte-90;VALIDATE:pnpm --filter @intelliflow/web typecheck;VALIDATE:pnpm --filter @intelliflow/web test --run,60/120/240,2026-05-28,2026-06-01,100,"PG-001:FS,GTM-002:FS,BRAND-001:FS",
PG-008,Public Pages,Security Page,Growth FE (STOA-Foundation),"PG-001,GTM-002,BRAND-001",FILE:docs/design/page-registry.md;FILE:.specify/memory/Framework.md;FILE:audit-matrix.yml;POLICY:Security features documented;ENV:badges ready;FILE:docs/security/zero-trust-design.md;FILE:apps/web/src/app/(public)/page.tsx;FILE:docs/company/messaging/positioning.md;FILE:docs/company/brand/visual-identity.md;FILE:docs/company/brand/style-guide.md;FILE:docs/company/brand/dos-and-donts.md;FILE:docs/company/brand/accessibility-patterns.md,"Response <200ms, Lighthouse ≥90, trust signals; artifacts: page.tsx, security-features.json, context_ack.json",Completed,"Security explained, badges displayed, trust built",11,ARTIFACT:apps/web/src/app/(public)/security/page.tsx;ARTIFACT:apps/web/src/data/security-features.json;EVIDENCE:.specify/sprints/sprint-11/attestations/PG-008/attestation.json;ARTIFACT:docs/planning/adr/ADR-020-public-site-auth.md;ARTIFACT:docs/planning/prd-public-site-auth.md,GATE:lighthouse-gte-90;VALIDATE:pnpm --filter @intelliflow/web typecheck;VALIDATE:pnpm --filter @intelliflow/web test --run,60/120/240,2026-05-29,2026-06-02,100,"PG-001:FS,GTM-002:FS,BRAND-001:FS",
PG-009,Public Pages,Blog Index,Growth FE (STOA-Foundation),"PG-001,GTM-002,BRAND-001",FILE:docs/design/page-registry.md;FILE:.specify/memory/Framework.md;FILE:audit-matrix.yml;POLICY:Blog structure defined;ENV:categories set;FILE:apps/web/src/app/(public)/page.tsx;FILE:docs/company/messaging/positioning.md;FILE:docs/company/brand/visual-identity.md;FILE:docs/company/brand/style-guide.md;FILE:docs/company/brand/dos-and-donts.md;FILE:docs/company/brand/accessibility-patterns.md,"Response <200ms, Lighthouse ≥90, pagination working; artifacts: page.tsx, blog-pagination.tsx, blog-categories.json",Completed,"Blog listing live, pagination working, SEO optimized",12,ARTIFACT:apps/web/src/app/(public)/blog/page.tsx;ARTIFACT:apps/web/src/components/blog/blog-pagination.tsx;ARTIFACT:artifacts/logs/blog-categories.json;EVIDENCE:.specify/sprints/sprint-12/attestations/PG-009/context_ack.json;ARTIFACT:docs/planning/adr/ADR-020-public-site-auth.md;ARTIFACT:docs/planning/prd-public-site-auth.md,GATE:lighthouse-gte-90;VALIDATE:pnpm --filter @intelliflow/web typecheck;VALIDATE:pnpm --filter @intelliflow/web test --run,60/120/240,2026-05-31,2026-06-04,100,"PG-001:FS,GTM-002:FS,BRAND-001:FS",
PG-010,Public Pages,Blog Post,Growth FE (STOA-Foundation),"PG-009,GTM-002,BRAND-001",FILE:docs/design/page-registry.md;FILE:.specify/memory/Framework.md;FILE:audit-matrix.yml;ENV:Post template ready;ENV:markdown support;FILE:apps/web/src/app/(public)/blog/page.tsx;FILE:docs/company/messaging/positioning.md;FILE:docs/company/brand/visual-identity.md;FILE:docs/company/brand/style-guide.md;FILE:docs/company/brand/dos-and-donts.md;FILE:docs/company/brand/accessibility-patterns.md,"Response <200ms, Lighthouse ≥90, comments enabled; artifacts: page.tsx, markdown-renderer.tsx, comments-widget.tsx",Completed,"Posts rendering, markdown working, comments live",12,ARTIFACT:apps/web/src/app/(public)/blog/[slug]/page.tsx;ARTIFACT:apps/web/src/components/blog/markdown-renderer.tsx;ARTIFACT:apps/web/src/components/blog/comments-widget.tsx;EVIDENCE:.specify/sprints/sprint-12/attestations/PG-010/context_ack.json;ARTIFACT:docs/planning/adr/ADR-020-public-site-auth.md;ARTIFACT:docs/planning/prd-public-site-auth.md,GATE:lighthouse-gte-90;VALIDATE:pnpm --filter @intelliflow/web typecheck;VALIDATE:pnpm --filter @intelliflow/web test --run,60/120/240,2026-06-02,2026-06-06,100,"PG-009:FS,GTM-002:FS,BRAND-001:FS",
PG-011,Public Pages,Careers Page,Growth FE (STOA-Foundation),"PG-001,GTM-002,BRAND-001",FILE:docs/design/page-registry.md;FILE:.specify/memory/Framework.md;FILE:audit-matrix.yml;ENV:Job listings ready;ENV:application form;FILE:apps/web/src/app/(public)/page.tsx;FILE:docs/company/messaging/positioning.md;FILE:docs/company/brand/visual-identity.md;FILE:docs/company/brand/style-guide.md;FILE:docs/company/brand/dos-and-donts.md;FILE:docs/company/brand/accessibility-patterns.md,"Response <200ms, Lighthouse ≥90, applications working; artifacts: page.tsx, job-listings.json, application-form.tsx",Completed,"Jobs listed, applications submitting, ATS integrated",12,ARTIFACT:apps/web/src/app/(public)/careers/page.tsx;ARTIFACT:apps/web/src/app/(public)/careers/[id]/page.tsx;ARTIFACT:artifacts/misc/job-listings.json;ARTIFACT:apps/web/src/components/shared/application-form.tsx;EVIDENCE:.specify/sprints/sprint-12/attestations/PG-011/context_ack.json;ARTIFACT:docs/planning/adr/ADR-020-public-site-auth.md;ARTIFACT:docs/planning/prd-public-site-auth.md,GATE:lighthouse-gte-90;VALIDATE:pnpm --filter @intelliflow/web typecheck;VALIDATE:pnpm --filter @intelliflow/web test --run,60/120/240,2026-06-04,2026-06-08,100,"PG-001:FS,GTM-002:FS,BRAND-001:FS",
PG-012,Public Pages,Career Detail,Growth FE (STOA-Foundation),"PG-011,GTM-002,BRAND-001",FILE:docs/design/page-registry.md;FILE:.specify/memory/Framework.md;FILE:audit-matrix.yml;ENV:Job description template;POLICY:requirements clear;FILE:apps/web/src/app/(public)/careers/page.tsx;FILE:docs/company/messaging/positioning.md;FILE:docs/company/brand/visual-identity.md;FILE:docs/company/brand/style-guide.md;FILE:docs/company/brand/dos-and-donts.md;FILE:docs/company/brand/accessibility-patterns.md,"Response <200ms, Lighthouse ≥90, apply button working; artifacts: page.tsx, job-detail-template.tsx, apply-button.tsx",Completed,"Job details shown, requirements clear, apply working",12,ARTIFACT:apps/web/src/app/(public)/careers/[id]/page.tsx;ARTIFACT:apps/web/src/components/shared/job-detail-template.tsx;ARTIFACT:apps/web/src/components/shared/apply-button.tsx;EVIDENCE:.specify/sprints/sprint-12/attestations/PG-012/context_ack.json,GATE:lighthouse-gte-90;VALIDATE:pnpm --filter @intelliflow/web typecheck;VALIDATE:pnpm --filter @intelliflow/web test --run,60/120/240,2026-06-06,2026-06-10,100,"PG-011:FS,GTM-002:FS,BRAND-001:FS",
PG-013,Marketing Pages,Landing Page Template,Growth FE (STOA-Foundation),"PG-001,GTM-002,BRAND-001",FILE:docs/design/page-registry.md;FILE:.specify/memory/Framework.md;FILE:audit-matrix.yml;ENV:Landing page builder;ENV:A/B testing ready;FILE:apps/web/src/app/(public)/page.tsx;FILE:docs/company/messaging/positioning.md;FILE:docs/company/brand/visual-identity.md;FILE:docs/company/brand/style-guide.md;FILE:docs/company/brand/dos-and-donts.md;FILE:docs/company/brand/accessibility-patterns.md,"Response <200ms, Lighthouse ≥90, conversions tracked; artifacts: page.tsx, landing-builder.tsx, ab-test-framework.ts; verified by: pnpm test",Completed,"Landing pages generating, A/B tests running",12,ARTIFACT:apps/web/src/app/(public)/lp/[slug]/page.tsx;ARTIFACT:apps/web/src/components/shared/landing-builder.tsx;ARTIFACT:apps/web/src/lib/shared/ab-test-framework.ts;ARTIFACT:apps/web/src/data/landing-pages.json;EVIDENCE:.specify/sprints/sprint-12/attestations/PG-013/attestation.json,VALIDATE:pnpm test;GATE:lighthouse-gte-90,90/180/360,2026-06-08,2026-06-14,100,"PG-001:FS,GTM-002:FS,BRAND-001:FS",
PG-014,Public Pages,Status Page,Growth FE (STOA-Foundation),"PG-001,GTM-002,BRAND-001",FILE:.specify/memory/Framework.md;FILE:audit-matrix.yml;ENV:Status monitoring integrated;ENV:incidents tracked;FILE:apps/web/src/app/(public)/page.tsx;FILE:docs/company/messaging/positioning.md;FILE:docs/company/brand/visual-identity.md,"Response <200ms, Lighthouse ≥90, real-time updates; artifacts: page.tsx, status-monitor.tsx, incident-tracker.ts",Completed,"Status displayed, incidents shown, updates real-time",12,ARTIFACT:apps/web/src/app/(public)/status/page.tsx;ARTIFACT:apps/web/src/components/status/status-monitor.tsx;ARTIFACT:apps/web/lib/status/incident-tracker.ts;EVIDENCE:.specify/sprints/sprint-12/attestations/PG-014/context_ack.json,GATE:lighthouse-gte-90;VALIDATE:pnpm --filter @intelliflow/web typecheck;VALIDATE:pnpm --filter @intelliflow/web test --run,60/120/240,2026-06-10,2026-06-14,100,"PG-001:FS,GTM-002:FS,BRAND-001:FS",
PG-015,Auth Pages,Sign In,Platform FE (STOA-Foundation),"IFC-006,IFC-076,IFC-098",IMPLEMENTS:FLOW-001;FILE:.specify/memory/Framework.md;FILE:audit-matrix.yml;FILE:apps/web/src/components/shared/auth-background.tsx;FILE:apps/web/src/components/shared/auth-card.tsx;FILE:apps/web/src/components/shared/password-input.tsx;FILE:apps/web/src/components/shared/trust-indicators.tsx;FILE:apps/web/src/lib/auth/AuthContext.tsx;FILE:packages/validators/src/auth.ts;FILE:apps/api/src/lib/supabase.ts;ENV:Auth flow designed;ENV:SSO configured,"Response <200ms, Lighthouse ≥90, auth working; artifacts: page.tsx, auth-providers.tsx, login-security.ts; verified by: pnpm test",Completed,"Login functional, SSO working, security validated",13,ARTIFACT:apps/web/src/app/(public)/login/page.tsx;ARTIFACT:apps/web/src/components/shared/auth-providers.tsx;ARTIFACT:apps/web/src/lib/shared/login-security.ts;EVIDENCE:.specify/sprints/sprint-13/execution/PG-015/20260125-173318/PG-015-delivery.md;ARTIFACT:docs/planning/adr/ADR-020-public-site-auth.md;ARTIFACT:docs/planning/prd-public-site-auth.md,VALIDATE:pnpm test;GATE:lighthouse-gte-90,90/180/360,2026-06-14,2026-06-18,100,"IFC-006:FS,IFC-076:FS,IFC-098:FS",