Task ID,Section,Description,Owner,Dependencies,Pre-requisites,Definition of Done,Status,KPIs,Target Sprint,Artifacts To Track,Validation Method,Estimate (O/M/P),Planned Start,Planned Finish,Percent Complete,Dependency Types,Cadence
IFC-124,Compliance,Encrypt and aggregate audit logs; automate compliance reporting,Security Eng + Compliance (STOA-Security),IFC-098,FILE:.specify/memory/Framework.md;FILE:audit-matrix.yml;ENV:Audit logging implemented;FILE:docs/planning/adr/ADR-008-audit-logging.md;FILE:docs/planning/DDD-context-map.puml;FILE:packages/db/prisma/schema.prisma;FILE:docs/operations/quality-gates.md;FILE:packages/db/prisma/schema-audit.prisma,"Audit logs encrypted and stored centrally; scheduled exports for compliance frameworks; data minimization applied; artifacts: encryption.ts, audit-logger.ts, retention-policy.md, compliance-report.md",Completed,"Audit retention meets regulatory needs (GDPR, SOC2, ISO 27001); report generation automated",9,ARTIFACT:apps/api/src/security/encryption.ts;ARTIFACT:apps/api/src/security/audit-logger.ts;ARTIFACT:docs/shared/retention-policy.md;ARTIFACT:artifacts/reports/compliance-report.md;EVIDENCE:.specify/sprints/sprint-9/attestations/IFC-124/context_ack.json,VALIDATE:pnpm typecheck;VALIDATE:pnpm test,90/180/360,2026-04-21,2026-04-30,100,IFC-098:FS,
PG-126,Public Pages,"Add in‑app onboarding, guided product tours and feedback collection",UX Designer + Frontend Dev (STOA-Domain),"PG-001,PG-002",FILE:.specify/memory/Framework.md;FILE:audit-matrix.yml;ENV:Design ready;FILE:docs/shared/review-checklist.md;FILE:docs/operations/pr-checklist.md;FILE:docs/company/brand/visual-identity.md;FILE:apps/web/src/app/(public)/page.tsx;FILE:apps/web/src/app/(public)/features/page.tsx,Users see guided tours on first login; ability to replay; feedback widget integrated; targets: >=70%; verified by: pnpm test,Backlog,Onboarding completion >70%; NPS score improvement,17,ARTIFACT:artifacts/misc/onboarding-config.json;ARTIFACT:apps/web/src/components/public/tour-components.tsx;ARTIFACT:apps/web/src/lib/public/feedback-service.ts;EVIDENCE:.specify/sprints/sprint-17/attestations/PG-126/context_ack.json,VALIDATE:pnpm test,90/180/360,2026-08-09,2026-08-18,0,"PG-001:FS,PG-002:FS",
PG-127,Public Pages,"Partner Application Workflow - Dedicated partner application form with specialized fields, routing, and onboarding process",Growth FE+BE (STOA-Foundation),"PG-006,PG-005,GTM-002",FILE:docs/design/page-registry.md;FILE:.specify/memory/Framework.md;FILE:audit-matrix.yml;ENV:Partner page live;ENV:Contact form exists;FILE:apps/web/src/app/(public)/partners/page.tsx;FILE:apps/web/src/app/(public)/contact/page.tsx;FILE:packages/validators/src/contact-form.ts;FILE:docs/company/messaging/positioning.md;FILE:docs/company/brand/visual-identity.md;FILE:docs/company/brand/style-guide.md;FILE:docs/company/brand/accessibility-patterns.md,"Dedicated partner application form; specialized fields (company size, integration type, use case); separate routing/CRM tagging; partner-specific auto-response; artifacts: page.tsx, partner-application.ts, application-handler.ts; targets: Response <200ms, Lighthouse >=90, >=90% coverage; verified by: pnpm test",Backlog,Partner applications routed correctly; distinct from general contacts; onboarding workflow initiated; conversion rate tracked,20,ARTIFACT:apps/web/src/app/(public)/partners/apply/page.tsx;ARTIFACT:packages/validators/src/partner-application.ts;ARTIFACT:apps/web/src/lib/partners/application-handler.ts;ARTIFACT:apps/web/src/lib/partners/__tests__/application-handler.test.ts;ARTIFACT:apps/web/src/app/(public)/partners/apply/__tests__/page.test.tsx;EVIDENCE:.specify/sprints/sprint-20/attestations/PG-127/context_ack.json,VALIDATE:pnpm test;GATE:lighthouse-gte-90;GATE:coverage-gte-90,120/240/480,2026-09-20,2026-10-01,0,"PG-006:FS,PG-005:FS,GTM-002:FS",
IFC-125,AI Foundation,"Implement guardrails for prompt injection, data leakage, and monitor AI bias",AI Specialist + Security (STOA-Security),"IFC-005,IFC-008",FILE:.specify/memory/Framework.md;FILE:audit-matrix.yml;ENV:AI models integrated;FILE:docs/planning/adr/ADR-007-data-governance.md;FILE:docs/shared/review-checklist.md;FILE:docs/operations/pr-checklist.md;FILE:apps/ai-worker/src/chains/scoring.chain.ts;FILE:artifacts/reports/compliance-report.md,"Prompt sanitization, output redaction, bias detection metrics; incidents logged; artifacts: prompt-sanitizer.ts, bias-metrics.csv, ai-guardrails-report.md; targets: zero errors; verified by: pnpm test; GuardrailsAIService must have audit logger integration completed, not deferred with TODO",Completed,Zero prompt injection incidents; bias score below threshold,6,SPEC:.specify/sprints/sprint-6/specifications/IFC-125-spec.md;PLAN:.specify/sprints/sprint-6/planning/IFC-125-plan.md;EVIDENCE:.specify/sprints/sprint-6/attestations/IFC-125/context_pack.md;EVIDENCE:.specify/sprints/sprint-6/attestations/IFC-125/context_ack.json;ARTIFACT:apps/api/src/shared/prompt-sanitizer.ts;ARTIFACT:artifacts/metrics/bias-metrics.csv;ARTIFACT:docs/shared/ai-guardrails-report.md,VALIDATE:pnpm test;GATE:no-deferred-audit-logging,180/360/720,2026-05-17,2026-05-28,100,"IFC-005:FS,IFC-008:FS",
IFC-126,Documentation,Continuously maintain ADR registry and developer guide updates,Tech Writer + PM (STOA-Foundation),"IFC-100,GOV-001",FILE:.specify/memory/Framework.md;FILE:audit-matrix.yml;ENV:ADR templates ready;FILE:docs/architecture/adr/000-template.md;FILE:docs/company/brand/visual-identity.md;FILE:docs/shared/adr-index.md,"All significant design decisions captured via ADRs; developer guide updated per sprint; targets: >=100%, >=80%",Completed,ADR coverage 100%; developer satisfaction >80%,7,ARTIFACT:docs/dev-guide.md;ARTIFACT:artifacts/misc/adr-index.csv;EVIDENCE:.specify/sprints/sprint-7/attestations/IFC-126/context_ack.json,AUDIT:code-review;GATE:coverage-gte-80,60/120/240,2026-05-31,2026-06-06,100,"IFC-100:FS,GOV-001:FS",
IFC-127,Security,Implement tenant isolation at database and application layers,Backend Dev (STOA-Domain),"IFC-098,IFC-072",FILE:.specify/memory/Framework.md;FILE:audit-matrix.yml;ENV:Supabase and RLS features studied;FILE:docs/planning/adr/ADR-004-multi-tenancy.md;FILE:docs/planning/adr/ADR-007-data-governance.md;FILE:docs/architecture/hex-boundaries.md;FILE:packages/db/prisma/schema.prisma;FILE:docs/security/zero-trust-design.md;FILE:docs/security/owasp-checklist.md;FILE:packages/db/prisma/schema-audit.prisma,"Row‑level security policies applied; tenant context enforced in services; per‑tenant resource limits; artifacts: rls-policies.sql, tenant-context.ts, context_ack.json; verified by: pnpm test",Completed,No cross‑tenant data access; isolation tests pass,5,SPEC:.specify/sprints/sprint-5/specifications/IFC-127-spec.md;PLAN:.specify/sprints/sprint-5/planning/IFC-127-plan.md;EVIDENCE:.specify/sprints/sprint-5/attestations/IFC-127/context_pack.md;EVIDENCE:.specify/sprints/sprint-5/attestations/IFC-127/context_ack.json;ARTIFACT:infra/supabase/migrations/20250124000000_rls_policies.sql;ARTIFACT:infra/supabase/migrations/20260103000000_add_tenant_isolation.sql;ARTIFACT:apps/api/src/security/tenant-context.ts;ARTIFACT:packages/db/prisma/migrations/add-multi-tenancy-diff.sql;ARTIFACT:packages/db/prisma/migrations/add_multi_tenancy_manual.sql;ARTIFACT:packages/db/prisma/migrations/tenant-rls.sql,VALIDATE:pnpm test;AUDIT:security-review,180/360/720,2026-05-03,2026-05-14,100,"IFC-098:FS,IFC-072:FS",
IFC-128,AI Foundation,Establish AI output review and manual fallback processes,QA Lead + Tech Lead (STOA-Quality),ENV-017-AI,FILE:.specify/memory/Framework.md;FILE:audit-matrix.yml;ENV:AI generation features integrated;FILE:docs/shared/review-checklist.md;FILE:docs/operations/pr-checklist.md;FILE:artifacts/misc/test-orchestration.json,"All AI-generated outputs (code, tests, docs) reviewed by humans; fallback processes documented and tested; targets: zero errors; BaseAgent must not contain placeholder demonstration code",Completed,AI suggestions accepted vs rejected ratio tracked; zero regressions from AI outputs,3,ARTIFACT:docs/shared/ai-review-checklist.md;ARTIFACT:docs/shared/fallback-procedure.md;EVIDENCE:.specify/sprints/sprint-3/attestations/IFC-128/context_ack.json,AUDIT:code-review;VALIDATE:pnpm test;GATE:no-placeholder-code,90/180/360,2026-01-25,2026-02-03,100,ENV-017-AI:FS,
IFC-129,Testing,Write UI and contract tests for core pages and tRPC endpoints,QA + Frontend Dev (STOA-Quality),IFC-110,FILE:.specify/memory/Framework.md;FILE:audit-matrix.yml;ENV:Core pages built;FILE:docs/planning/adr/ADR-001-modern-stack.md;FILE:docs/tdd-guidelines.md;FILE:docs/shared/review-checklist.md;FILE:docs/company/brand/visual-identity.md,"Playwright/Cypress tests cover navigation, forms, interactive components; contract tests validate tRPC endpoints; artifacts: ui-coverage.html, context_ack.json; targets: >=90%, <5min; gates: coverage-gte-90",Completed,"Coverage ≥90%, tests run <5min",6,ARTIFACT:artifacts/misc/coverage-reports/ui-coverage.html;EVIDENCE:.specify/sprints/sprint-6/attestations/IFC-129/context_ack.json,VALIDATE:pnpm test;GATE:coverage-gte-90,120/240/480,2026-03-08,2026-03-18,100,IFC-110:FS,
IFC-130,Validation,"Release governance: staging auto-deploy, promotion policy, quality/security gates, rollback criteria",DevOps Lead (STOA-Automation),"ENV-005-AI,IFC-111",FILE:.specify/memory/Framework.md;FILE:audit-matrix.yml;POLICY:CI/CD pipeline exists; environments defined;FILE:docs/security/zero-trust-design.md;FILE:docs/tdd-guidelines.md;FILE:docs/shared/review-checklist.md;FILE:docs/operations/quality-gates.md;FILE:docs/operations/pr-checklist.md;FILE:docs/operations/release-rollback.md;FILE:docs/architecture/decision-workflow.md;FILE:.github/workflows/ci.yml;FILE:artifacts/misc/sonar-project.properties,Promotion workflow documented; staging deploy automated; prod promotion requires gate pass + approval; rollback playbook defined; release checklist template in repo; targets: >=95%,Completed,Staging deploy success >=95%; prod promotion time <=30 min; rollback tested in staging,5,ARTIFACT:docs/release/promotion-policy.md;ARTIFACT:.github/workflows/release.yml;ARTIFACT:docs/operations/runbooks/release-checklist.md;EVIDENCE:.specify/sprints/sprint-5/attestations/IFC-130/context_ack.json;ARTIFACT:docs/planning/adr/ADR-021-governance-ops-release.md;ARTIFACT:docs/planning/prd-release-governance.md,AUDIT:code-review,90/180/360,2026-02-26,2026-03-05,100,"ENV-005-AI:FS,IFC-111:FS",
IFC-131,Foundation Setup,Architecture boundary enforcement: domain/infrastructure dependency rules + architecture tests in CI,Tech Lead (STOA-Foundation),IFC-106,FILE:.specify/memory/Framework.md;FILE:audit-matrix.yml;POLICY:Ports/adapters defined; repo structure established;FILE:docs/planning/adr/ADR-001-modern-stack.md;FILE:docs/architecture/hex-boundaries.md;FILE:docs/architecture/repo-layout.md;FILE:docs/planning/DDD-context-map.puml;FILE:docs/tdd-guidelines.md;FILE:docs/operations/quality-gates.md;FILE:docs/architecture/decision-workflow.md,Module boundaries enforced; forbidden dependency rules added; architecture tests run in CI; documentation + ADR added,Completed,0 boundary violations on main; CI blocks non-compliant changes,4,ARTIFACT:docs/architecture/hex-boundaries.md;ARTIFACT:docs/planning/adr/ADR-010-architecture-boundary-enforcement.md;EVIDENCE:.specify/sprints/sprint-4/attestations/IFC-131/context_ack.json,AUDIT:code-review;VALIDATE:pnpm test,90/180/360,2026-02-12,2026-02-19,100,IFC-106:FS,
IFC-132,Security,Supply chain security: dependency pinning + SBOM generation in CI (npm/pnpm + container),Security Engineer + Backend Dev (STOA-Security),ENV-005-AI,FILE:.specify/memory/Framework.md;FILE:audit-matrix.yml;POLICY:CI pipeline available; container build defined;FILE:docs/security/zero-trust-design.md;FILE:docs/security/owasp-checklist.md;FILE:docs/operations/quality-gates.md;FILE:.github/workflows/ci.yml,Dependencies pinned/locked; SBOM generated per build; SBOM stored as artifact; baseline policy documented; targets: >=100%,Completed,100% builds produce SBOM; 0 unsigned/untracked dependency changes merged,6,ARTIFACT:.github/workflows/security-sbom.yml;ARTIFACT:docs/security/supply-chain.md;EVIDENCE:.specify/sprints/sprint-6/attestations/IFC-132/context_ack.json;ARTIFACT:docs/planning/adr/ADR-021-governance-ops-release.md;ARTIFACT:docs/planning/prd-release-governance.md,AUDIT:code-review,90/180/360,2026-03-10,2026-03-17,100,ENV-005-AI:FS,
IFC-133,Security,Supply chain security: artifact signing + provenance for build outputs (images + releases),Backend Dev (STOA-Domain),IFC-132,FILE:.specify/memory/Framework.md;FILE:audit-matrix.yml;ENV:SBOM generation in place; registry access configured;FILE:docs/security/zero-trust-design.md;FILE:docs/security/owasp-checklist.md;FILE:docs/shared/review-checklist.md;FILE:docs/operations/pr-checklist.md;FILE:docs/operations/release-rollback.md;FILE:docs/company/brand/visual-identity.md;FILE:.github/workflows/security-sbom.yml,Artifacts signed; verification step added; provenance attached; docs updated; targets: >=100%; verified by: pnpm test,Completed,100% prod-bound artifacts signed; verification enforced in deployment pipeline,7,ARTIFACT:docs/security/signing.md;ARTIFACT:.github/workflows/signing.yml;EVIDENCE:.specify/sprints/sprint-7/attestations/IFC-133/context_ack.json;ARTIFACT:docs/planning/adr/ADR-021-governance-ops-release.md;ARTIFACT:docs/planning/prd-release-governance.md,VALIDATE:pnpm test,90/180/360,2026-03-26,2026-04-02,100,IFC-132:FS,
IFC-134,Security,Container/image scanning in CI and registry with fail-on-critical policy,Security Engineer (STOA-Security),"ENV-003-AI,ENV-005-AI",FILE:.specify/memory/Framework.md;FILE:audit-matrix.yml;ENV:Container build pipeline exists;FILE:docs/security/zero-trust-design.md;FILE:docs/security/owasp-checklist.md;FILE:docs/operations/quality-gates.md;FILE:docker-compose.yml;FILE:.github/workflows/ci.yml,Image scan runs on every build; policy blocks critical vulns; exceptions process documented; targets: >=100%,Completed,0 critical vulns in prod images; scan coverage 100% for deployable images,7,ARTIFACT:docs/security/image-scanning.md;ARTIFACT:.github/workflows/image-scan.yml;EVIDENCE:.specify/sprints/sprint-7/attestations/IFC-134/context_ack.json;ARTIFACT:docs/planning/adr/ADR-021-governance-ops-release.md;ARTIFACT:docs/planning/prd-release-governance.md,VALIDATE:pnpm typecheck;VALIDATE:pnpm test,90/180/360,2026-03-28,2026-04-04,100,"ENV-003-AI:FS,ENV-005-AI:FS",
IFC-135,Architecture,Create ADR pack for multi-tenancy; workflow engine choice; agent tool-calling; data classification & retention; audit logging,Tech Lead + Architect (STOA-Foundation),"IFC-002,GOV-001",FILE:.specify/memory/Framework.md;FILE:audit-matrix.yml;POLICY:Domain model established; architecture spike complete;FILE:docs/planning/adr/ADR-005-workflow-engine.md;FILE:docs/planning/adr/ADR-006-agent-tools.md;FILE:docs/planning/adr/ADR-007-data-governance.md;FILE:docs/planning/adr/ADR-008-audit-logging.md;FILE:docs/architecture/hex-boundaries.md;FILE:docs/architecture/repo-layout.md;FILE:docs/planning/DDD-context-map.puml;FILE:docs/architecture/adr/000-template.md;FILE:packages/db/prisma/schema.prisma,"ADRs drafted for multi-tenancy; workflow engine; tool-calling model; data classification/retention; audit logging; reviewed and approved; artifacts: ADR-004-multi-tenancy.md, ADR-005-workflow-engine.md, ADR-006-agent-tools.md; targets: >=100%",Completed,100% ADR coverage; stakeholder approval recorded,1,ARTIFACT:docs/planning/adr/ADR-004-multi-tenancy.md;ARTIFACT:docs/planning/adr/ADR-005-workflow-engine.md;ARTIFACT:docs/planning/adr/ADR-006-agent-tools.md;ARTIFACT:docs/planning/adr/ADR-007-data-governance.md;ARTIFACT:docs/planning/adr/ADR-008-audit-logging.md;ARTIFACT:artifacts/misc/adr-index.csv;EVIDENCE:.specify/sprints/sprint-1/attestations/IFC-135/context_ack.json,AUDIT:code-review,120/240/480,2025-12-30,2026-01-08,100,"IFC-002:FS,GOV-001:FS",
IFC-136,Domain,Implement Case/Matter aggregate root with tasks; deadlines; parties; lawyer assignments,Backend Dev + Domain Architect (STOA-Intelligence),"IFC-002,IFC-003",FILE:.specify/memory/Framework.md;FILE:audit-matrix.yml;ENV:DDD model finalized; tRPC API foundation ready;FILE:docs/planning/DDD-context-map.puml;FILE:packages/db/prisma/schema.prisma;FILE:docs/operations/quality-gates.md;FILE:apps/api/src/trpc.ts,Case/Matter entities created with invariants; repositories and services implemented; CRUD endpoints via tRPC; unit and integration tests pass; targets: >=90%,Completed,Coverage >=90%; response time <=50ms; correctness validated,3,ARTIFACT:packages/domain/src/legal/cases/Case.ts;ARTIFACT:packages/domain/src/legal/cases/CaseTask.ts;ARTIFACT:infra/supabase/migrations/20260104000001_case_document_fts_embeddings.sql;ARTIFACT:apps/api/src/modules/legal/cases.router.ts;EVIDENCE:.specify/sprints/sprint-3/attestations/IFC-136/context_ack.json;ARTIFACT:docs/planning/adr/ADR-024-scheduling-calendar.md;ARTIFACT:docs/planning/prd-scheduling-calendar.md,VALIDATE:pnpm test;VALIDATE:pnpm test:integration;AUDIT:code-review;GATE:coverage-gte-90,120/240/480,2026-01-25,2026-02-05,100,"IFC-002:FS,IFC-003:FS",
IFC-137,Scheduling,Develop Appointment aggregate with conflict detection; buffers; recurrence; linkage to cases and calendars,Backend Dev + Calendar Specialist (STOA-Domain),"IFC-136,IFC-003",FILE:.specify/memory/Framework.md;FILE:audit-matrix.yml;ENV:Calendar provider research; case domain implemented;FILE:docs/planning/DDD-context-map.puml;FILE:packages/db/prisma/schema.prisma;FILE:docs/operations/quality-gates.md;FILE:packages/domain/src/legal/cases/Case.ts;FILE:apps/api/src/trpc.ts,"Appointment aggregate, services and repositories implemented; conflict detection logic with unit tests; recurrence rules; APIs via tRPC; scheduling integrated with case management; targets: >=95%, >=90%",Completed,Conflict detection accuracy >95%; scheduling latency <=100ms; test coverage >=90%,4,ARTIFACT:packages/domain/src/legal/appointments/Appointment.ts;ARTIFACT:packages/application/src/usecases/scheduling/index.ts;ARTIFACT:apps/api/src/modules/legal/appointments.router.ts;EVIDENCE:.specify/sprints/sprint-4/attestations/IFC-137/context_ack.json;ARTIFACT:docs/planning/adr/ADR-024-scheduling-calendar.md;ARTIFACT:docs/planning/prd-scheduling-calendar.md,VALIDATE:pnpm test;GATE:latency-check;GATE:coverage-gte-90,120/240/480,2026-02-14,2026-02-21,100,"IFC-136:FS,IFC-003:FS",
IFC-138,Integration,Integrate external calendar providers (Google/Microsoft) with bidirectional sync; webhook handling; idempotency; reconciliation,Backend Dev + DevOps (STOA-Automation),"IFC-137,IFC-106",FILE:.specify/memory/Framework.md;FILE:audit-matrix.yml;ENV:OAuth credentials obtained; appointment domain stable;FILE:docs/shared/review-checklist.md;FILE:docs/operations/quality-gates.md;FILE:docs/operations/pr-checklist.md;FILE:packages/domain/src/legal/appointments/Appointment.ts;FILE:docs/architecture/hex-boundaries.md,"Google and Microsoft calendar integrations implemented; event sync both directions with idempotency keys; reconcilers handle conflicts; error handling and retries; integration tests; artifacts: client.ts, client.ts, webhooks-config.yaml; targets: >=99%, >=1%, <30s; MicrosoftCalendarAdapter.test.ts must exist matching GoogleCalendarAdapter.test.ts patterns",Completed,Sync reliability >=99%; duplicate events <1%; sync latency <30s,5,ARTIFACT:packages/adapters/src/calendar/google/client.ts;ARTIFACT:packages/adapters/src/calendar/microsoft/client.ts;ARTIFACT:packages/adapters/src/calendar/shared/index.ts;ARTIFACT:packages/adapters/src/calendar/shared/ConflictResolver.ts;ARTIFACT:packages/adapters/src/calendar/shared/IdempotencyManager.ts;ARTIFACT:packages/adapters/src/calendar/shared/RetryHandler.ts;ARTIFACT:packages/adapters/src/calendar/__tests__/*;ARTIFACT:artifacts/misc/webhooks-config.yaml;EVIDENCE:.specify/sprints/sprint-5/attestations/IFC-138/context_ack.json;ARTIFACT:docs/planning/adr/ADR-024-scheduling-calendar.md;ARTIFACT:docs/planning/prd-scheduling-calendar.md,VALIDATE:pnpm test;GATE:provider-test-exists,180/360/720,2026-02-22,2026-03-05,100,"IFC-137:FS,IFC-106:FS",
IFC-139,AI Assistant,Expose application services as agent tools and implement human approval flows with preview and rollback for high-risk actions,AI Specialist + Backend Dev (STOA-Intelligence),"IFC-136,IFC-137,IFC-003,IFC-128",FILE:.specify/memory/Framework.md;FILE:audit-matrix.yml;ENV:Agent infrastructure ready; tRPC endpoints stable;FILE:docs/planning/adr/ADR-006-agent-tools.md;FILE:docs/architecture/hex-boundaries.md;FILE:docs/shared/review-checklist.md;FILE:docs/operations/pr-checklist.md;FILE:docs/operations/release-rollback.md;FILE:packages/domain/src/legal/cases/Case.ts;FILE:packages/domain/src/legal/appointments/Appointment.ts;FILE:apps/api/src/trpc.ts;FILE:docs/shared/ai-review-checklist.md,"Agent tools for search; create; update case and appointments and draft messages; approval UI with diff preview; rollback mechanism; authorization checks; logging; tests; artifacts: agent-actions.log, context_ack.json; targets: >=100%, <30s, zero errors",Completed,100% tool actions authorized; zero unauthorized writes; user approval latency <30s,6,ARTIFACT:artifacts/misc/logs/agent-actions.log;ARTIFACT:apps/api/src/agent/approval-workflow.ts;ARTIFACT:apps/api/src/agent/authorization.ts;ARTIFACT:apps/api/src/agent/index.ts;ARTIFACT:apps/api/src/agent/logger.ts;ARTIFACT:apps/api/src/agent/types.ts;ARTIFACT:apps/api/src/agent/tools/create.ts;ARTIFACT:apps/api/src/agent/tools/draft-message.ts;ARTIFACT:apps/api/src/agent/tools/index.ts;ARTIFACT:apps/api/src/agent/tools/search.ts;ARTIFACT:apps/api/src/agent/tools/update.ts;ARTIFACT:apps/api/src/agent/__tests__/approval-workflow.test.ts;ARTIFACT:apps/api/src/agent/__tests__/authorization.test.ts;ARTIFACT:apps/api/src/agent/__tests__/logger.test.ts;ARTIFACT:apps/api/src/agent/__tests__/tools.test.ts;EVIDENCE:.specify/sprints/sprint-6/attestations/IFC-139/context_ack.json,VALIDATE:pnpm test;AUDIT:code-review,180/360/720,2026-03-08,2026-03-19,100,"IFC-136:FS,IFC-137:FS,IFC-003:FS,IFC-128:FS",
IFC-140,Compliance,Implement data governance workflows: DSAR requests; retention & legal hold policies; tenant-specific encryption key management; data residency compliance,Legal Ops + Security Eng (STOA-Security),"IFC-098,IFC-127",FILE:.specify/memory/Framework.md;FILE:audit-matrix.yml;ENV:Data classification policy defined; KMS configured;FILE:docs/planning/adr/ADR-004-multi-tenancy.md;FILE:docs/planning/adr/ADR-005-workflow-engine.md;FILE:docs/planning/adr/ADR-007-data-governance.md;FILE:docs/planning/adr/ADR-008-audit-logging.md;FILE:docs/operations/quality-gates.md;FILE:docs/architecture/decision-workflow.md;FILE:packages/db/prisma/schema-audit.prisma;FILE:infra/supabase/migrations/20250124000000_rls_policies.sql,DSAR workflow implemented with identity verification; retention schedules enforced per entity; legal hold exceptions; per-tenant key management with rotation; residency controls and subprocessor registry; documentation and tests; targets: >=100%,Completed,DSAR turnaround <7 days; encryption coverage 100%; retention and legal hold compliance audited,11,ARTIFACT:docs/data-governance/dsar-process.md;ARTIFACT:docs/data-governance/retention-policy.md;ARTIFACT:artifacts/misc/kms-key-config.json;ARTIFACT:apps/api/src/workflow/dsar-workflow.ts;ARTIFACT:artifacts/misc/compliance-tests/data-governance.spec.ts;EVIDENCE:.specify/sprints/sprint-11/attestations/IFC-140/context_ack.json,VALIDATE:pnpm test,180/360/720,2026-05-17,2026-05-28,100,"IFC-098:FS,IFC-127:FS",
IFC-141,Workflow,Evaluate n8n; custom engine; and Temporal; document decision via ADR; build event-driven minimal rules engine and integrate selected workflow engine,Tech Lead + Backend Dev + Product Manager (STOA-Domain),"IFC-136,IFC-137,IFC-135,IFC-150,IFC-151",FILE:.specify/memory/Framework.md;FILE:audit-matrix.yml;ENV:Domain events instrumentation ready;FILE:docs/planning/adr/ADR-005-workflow-engine.md;FILE:docs/operations/quality-gates.md;FILE:docs/architecture/adr/000-template.md;FILE:docs/architecture/decision-workflow.md;FILE:docs/company/brand/visual-identity.md;FILE:packages/domain/src/legal/cases/Case.ts;FILE:packages/domain/src/legal/appointments/Appointment.ts;FILE:docs/planning/adr/ADR-004-multi-tenancy.md;FILE:docs/events/contracts-v1.yaml;FILE:docs/operations/runbooks/dlq-triage.md,"Comparative analysis of workflow options; ADR published; POC implemented; events published for case status changes; selected engine integrated to process simple workflows; training delivered; artifacts: adr-workflow-decision.md, events-spec.yaml, context_ack.json; targets: >=95%; verified by: pnpm test",Completed,Decision ratified; POC demonstrates reliability; workflow execution success rate >95% (actual: 97.1%),10,SPEC:.specify/sprints/sprint-10/specifications/IFC-141-spec.md;PLAN:.specify/sprints/sprint-10/planning/IFC-141-plan.md;ARTIFACT:artifacts/misc/workflow-comparison-matrix.md;EVIDENCE:.specify/sprints/sprint-10/attestations/IFC-141/context_pack.md;EVIDENCE:.specify/sprints/sprint-10/attestations/IFC-141/context_ack.json;ARTIFACT:docs/planning/adr/ADR-014-workflow-engine-decision.md;ARTIFACT:artifacts/misc/events-spec.yaml,VALIDATE:pnpm test;AUDIT:code-review,180/360/720,2026-05-03,2026-05-14,100,"IFC-136:FS,IFC-137:FS,IFC-135:FS,IFC-150:FS,IFC-151:FS",
IFC-142,Operations,Define SLOs/SLIs and alerting; establish on-call and incident management process; conduct restore drills; create capacity and cost budgets for AI inference and search,SRE Lead + DevOps + Finance (STOA-Automation),ENV-008-AI,FILE:.specify/memory/Framework.md;FILE:audit-matrix.yml;ENV:Observability and monitoring in place; cost tracking metrics available;FILE:docs/shared/review-checklist.md;FILE:docs/operations/quality-gates.md;FILE:docs/operations/pr-checklist.md;FILE:artifacts/misc/otel-config.yaml,"SLOs and SLIs defined for core services; alert rules configured; on-call rota established with escalation policies; incident runbook prepared; restore drill executed successfully; budgets defined and monitored; targets: >=10%, >=99%, <15 min",Completed,"On-call <15min (actual: 5min), RTO <1hr (actual: 47min), cost under budget ($3,070/mo)",8,ARTIFACT:docs/operations/slo-definitions.md;ARTIFACT:artifacts/misc/alerts-config.yaml;ARTIFACT:artifacts/misc/oncall-schedule.json;ARTIFACT:docs/operations/incident-runbook.md;ARTIFACT:docs/operations/restore-drill-report.md;ARTIFACT:artifacts/reports/cost-budget.csv;ARTIFACT:artifacts/misc/otel-implementation/correlation-patterns.md;ARTIFACT:artifacts/misc/otel-implementation/implementation-guide.md;ARTIFACT:artifacts/misc/otel-implementation/instrumentation-checklist.md;EVIDENCE:.specify/sprints/sprint-8/attestations/IFC-142/context_ack.json;ARTIFACT:docs/planning/adr/ADR-021-governance-ops-release.md;ARTIFACT:docs/planning/prd-release-governance.md,AUDIT:code-review,120/240/480,2026-04-05,2026-04-14,100,ENV-008-AI:FS,
IFC-143,Security,Perform threat modeling and abuse-case analysis for multi-tenancy and agent tool-calling; design mitigations; schedule penetration test; implement cookie consent mechanism,Security Lead + AI Specialist (STOA-Security),"IFC-125,IFC-136,IFC-139",FILE:.specify/memory/Framework.md;FILE:audit-matrix.yml;ENV:Architecture diagrams and data flows available;FILE:docs/planning/adr/ADR-006-agent-tools.md;FILE:packages/db/prisma/schema.prisma;FILE:docs/security/zero-trust-design.md;FILE:docs/security/owasp-checklist.md;FILE:docs/tdd-guidelines.md;FILE:docs/design/token-mapping.md;FILE:docs/company/brand/visual-identity.md;FILE:apps/api/src/shared/prompt-sanitizer.ts;FILE:packages/domain/src/legal/cases/Case.ts;FILE:artifacts/misc/logs/agent-actions.log,Threat model documented; abuse cases enumerated; mitigation tasks created; penetration test executed and findings triaged; cookie consent banner implemented; compliance checks passed,Completed,All critical threats mitigated; pen test high severity issues <5; cookie compliance tests pass,11,SPEC:.specify/sprints/sprint-11/specifications/IFC-143-spec.md;PLAN:.specify/sprints/sprint-11/planning/IFC-143-plan.md;EVIDENCE:.specify/sprints/sprint-11/attestations/IFC-143/context_pack.md;EVIDENCE:.specify/sprints/sprint-11/attestations/IFC-143/context_ack.json;ARTIFACT:docs/security/threat-model.puml;ARTIFACT:docs/security/abuse-cases.md;ARTIFACT:artifacts/reports/pen-test-scope.md;ARTIFACT:artifacts/logs/mitigation-backlog.csv;ARTIFACT:packages/ui/src/components/cookie-consent/cookie-consent.tsx,VALIDATE:pnpm test;AUDIT:code-review,180/360/720,2026-05-17,2026-05-28,100,"IFC-125:FS,IFC-136:FS,IFC-139:FS",
IFC-144,Integration,Design and implement inbound/outbound email flows: SPF/DKIM/DMARC; inbound parsing; attachments; implement general webhook handling with idempotency and retries; publish public API specification (OpenAPI) with versioning; baseline inbound email feature delivered,Integration Lead + Backend Dev (STOA-Domain),"IFC-137,IFC-003,IFC-150,IFC-151,IFC-106",FILE:.specify/memory/Framework.md;FILE:audit-matrix.yml;POLICY:Domain events defined; messaging port identified;FILE:docs/operations/quality-gates.md;FILE:docs/design/token-mapping.md;FILE:docs/company/brand/visual-identity.md;FILE:packages/domain/src/legal/appointments/Appointment.ts;FILE:apps/api/src/trpc.ts;FILE:docs/events/contracts-v1.yaml;FILE:docs/operations/runbooks/dlq-triage.md;FILE:docs/architecture/hex-boundaries.md,"Outbound emails signed with SPF/DKIM/DMARC configured; inbound email parser implemented with attachments handling; webhooks infrastructure with idempotency and retries; OpenAPI spec version 1 published covering major endpoints; baseline email send/receive tested; targets: >=95%, >=99%, >=100%; Inbound email endpoint must be exposed via API route with E2E test",Completed,Outbound deliverability >=95%; inbound parse accuracy >=99%; API spec coverage 100%; zero duplicate webhook processing,6,ARTIFACT:packages/adapters/src/messaging/email/outbound.ts;ARTIFACT:packages/adapters/src/messaging/email/inbound.ts;ARTIFACT:packages/adapters/src/messaging/email/EmailServiceAdapter.ts;ARTIFACT:packages/adapters/src/messaging/email/attachments.ts;ARTIFACT:packages/adapters/src/messaging/email/dkim-signer.ts;ARTIFACT:packages/adapters/src/messaging/email/__tests__/*;ARTIFACT:packages/adapters/src/ics/IcsGenerationService.ts;ARTIFACT:packages/domain/src/notifications/*;ARTIFACT:artifacts/misc/webhooks/framework.ts;ARTIFACT:artifacts/misc/api-spec/openapi-v1.yaml;EVIDENCE:.specify/sprints/sprint-6/attestations/IFC-144/attestation.json;ARTIFACT:docs/planning/adr/ADR-023-communications-inbox.md;ARTIFACT:docs/planning/prd-communications-inbox.md,VALIDATE:pnpm test;GATE:integration-wired,180/360/720,2026-05-05,2026-05-16,100,"IFC-137:FS,IFC-003:FS,IFC-150:FS,IFC-151:FS,IFC-106:FS",
IFC-145,Migration,Plan and execute legacy system migration: discover and map data; assess data quality; design migration scripts; run rehearsals and reconciliation reporting; finalize cutover with rollback plan,Data Engineer + DBA + PM (STOA-Foundation),"IFC-002,IFC-136",FILE:.specify/memory/Framework.md;FILE:audit-matrix.yml;ENV:Access to legacy data; mapping to new domain;FILE:docs/planning/adr/ADR-007-data-governance.md;FILE:docs/operations/quality-gates.md;FILE:docs/operations/release-rollback.md;FILE:docs/design/token-mapping.md;FILE:docs/company/brand/visual-identity.md;FILE:packages/db/prisma/schema.prisma;FILE:packages/domain/src/legal/cases/Case.ts,Data mapping documents created; migration scripts developed and tested; rehearsal migration executed with reconciliation reports; cutover plan created with rollback procedure; final migration executed with acceptance of accuracy and completeness; targets: >=99%,Completed,Data completeness 99.94% (target >=99%); zero critical data loss; migration time 2.8h (target <4h),9,ARTIFACT:scripts/migration/mapping.csv;ARTIFACT:scripts/migration/rehearsal-report.md;ARTIFACT:scripts/migration/cutover-plan.md;ARTIFACT:scripts/migration/README.md;ARTIFACT:artifacts/misc/reconciliation-results.csv;EVIDENCE:.specify/sprints/sprint-9/attestations/IFC-145/context_ack.json,VALIDATE:pnpm test;AUDIT:code-review,180/360/720,2026-04-19,2026-04-30,100,"IFC-002:FS,IFC-136:FS",
IFC-146,Planning,Define PRD and user journey templates; create Definition of Ready criteria; develop traceability matrix linking capabilities to domain services; APIs; UIs; and tests,Product Manager + Tech Lead (STOA-Foundation),"IFC-000,ENV-018-AI",FILE:.specify/memory/Framework.md;FILE:audit-matrix.yml;ENV:Feasibility assessment; sprint planning AI predictions;FILE:docs/architecture/hex-boundaries.md;FILE:docs/planning/DDD-context-map.puml;FILE:docs/tdd-guidelines.md;FILE:docs/shared/review-checklist.md;FILE:docs/operations/pr-checklist.md;FILE:docs/company/brand/visual-identity.md;FILE:artifacts/reports/business-case.md;FILE:artifacts/misc/velocity-prediction.json,"PRD templates available and used; user journey mapping methodology defined; DoR criteria documented and adopted; traceability matrix tool or document created and applied to backlog; backlog items updated; targets: >=100%, >=90%",Completed,100% new stories include PRD and meet DoR; traceability coverage >=90%; backlog management efficiency improved,2,ARTIFACT:docs/planning/prd-template.md;ARTIFACT:docs/planning/user-journey-template.md;ARTIFACT:docs/planning/definition-of-ready.md;ARTIFACT:artifacts/reports/traceability-matrix.md;ARTIFACT:artifacts/logs/backlog-updates-log.csv;EVIDENCE:.specify/sprints/sprint-2/attestations/IFC-146/context_ack.json;ARTIFACT:artifacts/reports/traceability-matrix.json,AUDIT:code-review;GATE:coverage-gte-90,90/180/360,2026-01-11,2026-01-20,100,"IFC-000:FS,ENV-018-AI:FS",
IFC-147,UI/Domain,Develop Case timeline UI with deadline engine: display tasks; deadlines; events; implement deadline engine to compute legal deadlines and reminders; integrate with scheduling,Frontend Dev + Backend Dev (STOA-Domain),"IFC-136,IFC-137",FILE:.specify/memory/Framework.md;FILE:audit-matrix.yml;ENV:Case and appointment APIs; UI design ready;FILE:docs/planning/adr/ADR-005-workflow-engine.md;FILE:docs/company/brand/visual-identity.md;FILE:packages/domain/src/legal/cases/Case.ts;FILE:packages/domain/src/legal/appointments/Appointment.ts;FILE:docs/design/sitemap.md;FILE:docs/design/ui-flow-mapping.md;FILE:docs/design/page-registry.md;FILE:apps/project-tracker/docs/metrics/_global/flows/flow-index.md,"Case timeline page implemented; tasks and deadlines displayed chronologically; deadline engine computes due dates; reminders triggered; E2E tests; accessibility compliance; targets: >=95%, >=90%, <1s",Completed,Timeline load time <1s; deadline accuracy >=95%; user adoption rate; test coverage >=90%,5,ARTIFACT:apps/web/src/app/cases/timeline/page.tsx;ARTIFACT:packages/domain/src/legal/deadlines/deadline-engine.ts;ARTIFACT:apps/web/src/lib/cases/reminders-service.ts;EVIDENCE:.specify/sprints/sprint-5/attestations/IFC-147/context_ack.json,VALIDATE:pnpm test;AUDIT:code-review;GATE:coverage-gte-90,120/240/480,2026-02-22,2026-03-03,100,"IFC-136:FS,IFC-137:FS",
IFC-148,AI Assistant,Implement conversation record entity: store chat transcripts; tool calls; actions per case; enable search and retrieval; integrate audit logging and data retention policies,Backend Dev + AI Specialist (STOA-Intelligence),"IFC-139,IFC-126",FILE:.specify/memory/Framework.md;FILE:audit-matrix.yml;ENV:Agent tool-calling infrastructure; ADR registry;FILE:docs/planning/adr/ADR-006-agent-tools.md;FILE:docs/planning/adr/ADR-007-data-governance.md;FILE:docs/planning/adr/ADR-008-audit-logging.md;FILE:docs/planning/DDD-context-map.puml;FILE:packages/db/prisma/schema.prisma;FILE:docs/operations/quality-gates.md;FILE:artifacts/misc/logs/agent-actions.log;FILE:docs/dev-guide.md,Database schema created; conversation records stored with metadata (case ID; timestamps; user/agent ID; tool calls); search API implemented; access control enforced; retention and DSAR compliance built-in; tests covering privacy controls; targets: >=100%,Completed,100% conversations recorded; retrieval latency <=50ms; access control passes; DSAR deletion executed,7,ARTIFACT:apps/api/src/modules/agent/conversation.router.ts;ARTIFACT:apps/api/src/modules/agent/__tests__/conversation.router.test.ts;ARTIFACT:packages/application/src/services/ConversationSearchService.ts;ARTIFACT:infra/supabase/migrations/20260104000000_conversation_rls.sql;ARTIFACT:artifacts/misc/data-retention-config.yaml;EVIDENCE:.specify/sprints/sprint-7/attestations/IFC-148/context_ack.json,VALIDATE:pnpm test;VALIDATE:pnpm test:integration,120/240/480,2026-05-31,2026-06-10,100,"IFC-139:FS,IFC-126:FS",
IFC-149,AI Assistant,Implement action preview and rollback UI for agent-initiated changes; integrated with approval flows,Frontend Dev + AI Specialist (STOA-Intelligence),"IFC-139,IFC-147",FILE:.specify/memory/Framework.md;FILE:audit-matrix.yml;ENV:Agent tools implemented; case timeline UI built;FILE:docs/planning/adr/ADR-006-agent-tools.md;FILE:docs/shared/review-checklist.md;FILE:docs/operations/pr-checklist.md;FILE:docs/operations/release-rollback.md;FILE:docs/company/brand/visual-identity.md;FILE:artifacts/misc/logs/agent-actions.log;FILE:apps/web/src/app/cases/timeline/page.tsx;FILE:docs/design/sitemap.md;FILE:docs/design/ui-flow-mapping.md;FILE:docs/design/page-registry.md;FILE:apps/project-tracker/docs/metrics/_global/flows/flow-index.md,"Approval page displays proposed changes with diff; users can approve; modify; or reject; rollback resets state and logs actions; E2E tests; analytics track approvals; artifacts: preview.tsx, rollback-service.ts, approvals-metrics.csv; targets: >=100%, zero errors",Completed,100% agent actions previewed; zero unauthorized changes; approval rate and latency tracked,6,ARTIFACT:apps/web/src/app/agent-approvals/page.tsx;ARTIFACT:apps/web/src/lib/agent/index.ts;ARTIFACT:apps/web/src/lib/agent/rollback-service.ts;ARTIFACT:artifacts/misc/analytics/approvals-metrics.csv;EVIDENCE:.specify/sprints/sprint-6/attestations/IFC-149/context_ack.json,VALIDATE:pnpm test;AUDIT:code-review,120/240/480,2026-03-08,2026-03-17,100,"IFC-139:FS,IFC-147:FS",
EXC-SEC-001,AI Foundation,"Implement Secrets Management (e.g., HashiCorp Vault) for API Keys (OpenAI, etc.).",Security Eng + DevOps (STOA-Security),ENV-013-AI,FILE:.specify/memory/Framework.md;FILE:audit-matrix.yml;POLICY:Secrets Management tool selected;ENV:AI access credentials secured;FILE:artifacts/misc/security-scan-results.json,"All API keys are stored in a secure vault, access is restricted via IAM/RBAC, and agents retrieve secrets programmatically.; artifacts: vault-config.yaml, context_ack.json; targets: >=100%, zero errors",Completed,"Zero secrets in code/config files, 100% programmatic access, audit log active.",0,ARTIFACT:artifacts/misc/vault-config.yaml;ARTIFACT:artifacts/misc/access-policy.json;ARTIFACT:artifacts/reports/security/pnpm-audit-latest.json;EVIDENCE:.specify/sprints/sprint-0/attestations/EXC-SEC-001/context_ack.json,VALIDATE:pnpm typecheck,60/120/240,2025-12-14,2025-12-20,100,ENV-013-AI:FS,
IFC-150,Platform,Domain events infrastructure: event contracts + versioning + outbox pattern + idempotent publishing,Backend Dev + Architect (STOA-Domain),"IFC-002,IFC-106,IFC-098",FILE:.specify/memory/Framework.md;FILE:audit-matrix.yml;POLICY:DDD model available; repository layer established; observability baseline;FILE:docs/architecture/hex-boundaries.md;FILE:docs/architecture/repo-layout.md;FILE:docs/planning/DDD-context-map.puml;FILE:packages/db/prisma/schema.prisma;FILE:packages/db/prisma/schema-audit.prisma,"Event contract catalogue created (schema + versioning); transactional outbox implemented; idempotency keys enforced; publisher emits metrics/traces; unit/integration tests; targets: >=100%, <200ms; performance-benchmark.json must contain real execution data, not 'simulated' entries",Completed,"0 lost events, p95 <200ms (pending migration), 100% schema-validated (24 unit tests pass)",5,ARTIFACT:docs/events/contracts-v1.yaml;ARTIFACT:docs/planning/adr/ADR-011-domain-events.md;EVIDENCE:.specify/sprints/sprint-5/attestations/IFC-150/context_ack.json;SPEC:.specify/sprints/sprint-5/specifications/IFC-150-spec.md;PLAN:.specify/sprints/sprint-5/planning/IFC-150-plan.md;ARTIFACT:packages/adapters/src/repositories/PrismaOutboxRepository.ts;ARTIFACT:packages/adapters/src/events/OutboxEventBusAdapter.ts;ARTIFACT:packages/validators/src/events.ts,VALIDATE:pnpm test;VALIDATE:pnpm test:integration;GATE:real-benchmark-data,180/360/720,2026-04-05,2026-04-16,100,"IFC-002:FS,IFC-106:FS,IFC-098:FS",
IFC-151,Platform,Event consumers framework: retries + DLQ + backoff + observability; standard webhook/idempotency utilities,Backend Dev + SRE (STOA-Domain),"IFC-150,ENV-008-AI",FILE:.specify/memory/Framework.md;FILE:audit-matrix.yml;ENV:Event publisher in place; monitoring/alerts configured;FILE:docs/events/contracts-v1.yaml;FILE:artifacts/misc/otel-config.yaml,"Consumer SDK supports retries/backoff; DLQ storage/triage workflow; idempotent handlers; poison-message handling; metrics and alerts; chaos tests; artifacts: dlq-triage.md, context_ack.json; targets: >=95%, >=90%, <30 min",Completed,DLQ drain success >95%; retry success >90%; MTTR <30 min (comprehensive runbook created),6,ARTIFACT:docs/operations/runbooks/dlq-triage.md;EVIDENCE:.specify/sprints/sprint-6/attestations/IFC-151/context_ack.json,VALIDATE:pnpm test,120/240/480,2026-04-19,2026-04-30,100,"IFC-150:FS,ENV-008-AI:FS",
IFC-152,Case Docs,"Case document model: storage metadata, versioning, ACL mapping (tenant + case + role), and audit hooks",Backend Dev + Domain Architect (STOA-Intelligence),"IFC-136,IFC-127",FILE:.specify/memory/Framework.md;FILE:audit-matrix.yml;ENV:Case/Matter domain exists; tenant isolation enforced; base document management available;FILE:docs/planning/adr/ADR-004-multi-tenancy.md;FILE:docs/planning/adr/ADR-007-data-governance.md;FILE:docs/planning/adr/ADR-008-audit-logging.md;FILE:packages/db/prisma/schema.prisma;FILE:packages/domain/src/legal/cases/Case.ts;FILE:infra/supabase/migrations/20250124000000_rls_policies.sql;FILE:artifacts/reports/e-signature-test.pdf,"CaseDocument aggregate and repository implemented; ACL mapping rules defined; versioning semantics; audit events on read/write; tests; targets: >=100%, >=100%, <50ms",Completed,Access control test pass 100%; audit log coverage 100%; CRUD latency p95 <50ms,6,ARTIFACT:packages/domain/src/legal/cases/case-document.ts;ARTIFACT:infra/supabase/migrations/20260104000001_case_document_fts_embeddings.sql;ARTIFACT:apps/api/src/modules/legal/documents.router.ts;EVIDENCE:.specify/sprints/sprint-6/attestations/IFC-152/context_ack.json,VALIDATE:pnpm test,120/240/480,2026-05-17,2026-05-28,100,"IFC-136:FS,IFC-127:FS",
IFC-153,Case Docs,"Ingestion pipeline for case files: upload/email attachment intake, antivirus scan, metadata extraction, storage, and indexing triggers",Backend Dev + Integration Eng (STOA-Domain),"IFC-152,IFC-144,IFC-151,IFC-106",FILE:.specify/memory/Framework.md;FILE:audit-matrix.yml;ENV:Object storage configured; email inbound baseline; event consumers available;FILE:docs/planning/adr/ADR-007-data-governance.md;FILE:docs/operations/quality-gates.md;FILE:packages/domain/src/legal/cases/case-document.ts;FILE:packages/adapters/src/messaging/email/outbound.ts;FILE:docs/operations/runbooks/dlq-triage.md;FILE:docs/architecture/hex-boundaries.md,"Upload + inbound email attachments land in storage; AV scan gate; metadata extracted; ingestion events emitted; failure handling + retries; integration tests; targets: >=99%, >=100%, >=1%",Completed,Ingestion success >=99%; AV scan blocks 100% known samples; duplicate ingestion rate <1%,6,ARTIFACT:docs/operations/runbooks/ingestion.md;EVIDENCE:.specify/sprints/sprint-6/attestations/IFC-153/context_ack.json;EVIDENCE:.specify/sprints/sprint-6/attestations/IFC-153/attestation.json,VALIDATE:pnpm test:integration,180/360/720,2026-05-31,2026-06-11,100,"IFC-152:FS,IFC-144:FS,IFC-151:FS,IFC-106:FS",
IFC-154,Case Docs,OCR + text extraction worker for scanned PDFs/images; normalized text artifacts stored for search and RAG,Backend Dev + AI Specialist (STOA-Intelligence),IFC-153,FILE:.specify/memory/Framework.md;FILE:audit-matrix.yml;ENV:Worker runtime provisioned; file ingestion events available;FILE:docs/operations/runbooks/ingestion.md,"OCR worker processes supported formats; stores extracted text with provenance; handles retries; quality metrics recorded; tests; artifacts: ocr-quality-benchmarks.csv, extracted-text-schema.json, context_ack.json; targets: >=1%",Completed,OCR throughput >= X pages/min baseline; extraction accuracy benchmarked; failure rate <1%,6,ARTIFACT:artifacts/benchmarks/ocr-quality-benchmarks.csv;ARTIFACT:artifacts/misc/extracted-text-schema.json;EVIDENCE:.specify/sprints/sprint-6/attestations/IFC-154/context_ack.json,VALIDATE:pnpm test,120/240/480,2026-06-01,2026-06-10,100,IFC-153:FS,
IFC-155,Search/AI,Permissioned indexing for case documents and notes: full-text + embeddings with tenant/case ACL filters,Backend Dev + AI Specialist (STOA-Intelligence),"IFC-154,IFC-127,ENV-004-AI",FILE:.specify/memory/Framework.md;FILE:audit-matrix.yml;ENV:pgvector enabled; ACL model implemented; extracted text available;FILE:docs/planning/adr/ADR-004-multi-tenancy.md;FILE:artifacts/benchmarks/ocr-quality-benchmarks.csv;FILE:infra/supabase/migrations/20250124000000_rls_policies.sql;FILE:infra/supabase/config.toml,"FTS index and vector embeddings built; retrieval APIs enforce tenant/case ACL; re-index job; purge on DSAR rules; tests; targets: >=80%, <200ms, zero errors; gates: latency-check; generateEmbedding() must return real embeddings from embedding chain, not null placeholder",Completed,Retrieval latency p95 <200ms; zero cross-tenant leakage; relevance eval >=80% on test set,6,ARTIFACT:infra/supabase/migrations/20260104000001_case_document_fts_embeddings.sql;ARTIFACT:apps/ai-worker/src/services/document-indexer.ts;ARTIFACT:apps/ai-worker/src/workers/reindex-worker.ts;ARTIFACT:packages/search/src/retrieval.ts;ARTIFACT:artifacts/misc/relevance-eval.json;EVIDENCE:.specify/sprints/sprint-6/attestations/IFC-155/context_ack.json,VALIDATE:pnpm test;GATE:latency-check;GATE:real-embedding-generation,180/360/720,2026-06-02,2026-06-13,100,"IFC-154:FS,IFC-127:FS,ENV-004-AI:FS",
IFC-156,AI Assistant,Case RAG tool: agent retrieval tool constrained by tenant/case permissions; citations + source trace; prompt-injection hardening for retrieved content,AI Specialist + Security (STOA-Security),"IFC-155,IFC-139,IFC-125",FILE:.specify/memory/Framework.md;FILE:audit-matrix.yml;ENV:Agent tool-calling exists; guardrails baseline; permissioned retrieval APIs available;FILE:docs/planning/adr/ADR-004-multi-tenancy.md;FILE:docs/planning/adr/ADR-006-agent-tools.md;FILE:docs/shared/review-checklist.md;FILE:docs/operations/quality-gates.md;FILE:docs/operations/pr-checklist.md;FILE:packages/search/src/retrieval.ts;FILE:artifacts/misc/logs/agent-actions.log;FILE:apps/api/src/shared/prompt-sanitizer.ts,"Agent tool implemented (retrieve_case_context); responses include source references; injection defenses applied; approval needed for external send; tests; artifacts: retrieve-case-context.ts, case-rag.md, context_ack.json; targets: <2s",Completed,0 unauthorized retrievals; response time p95 <2s; hallucination rate reduced via eval suite,6,ARTIFACT:packages/ai/tools/retrieve-case-context.ts;ARTIFACT:docs/agent/case-rag.md;EVIDENCE:.specify/sprints/sprint-6/attestations/IFC-156/context_ack.json,VALIDATE:pnpm test,180/360/720,2026-06-14,2026-06-25,100,"IFC-155:FS,IFC-139:FS,IFC-125:FS",
IFC-157,Notifications,"Notification service MVP: unified delivery (in-app + email) with preference model (backend), templates, and audit logging",Backend Dev + SRE (STOA-Domain),"IFC-144,IFC-098,IFC-151",FILE:.specify/memory/Framework.md;FILE:audit-matrix.yml;ENV:Email outbound configured; audit logging present; event consumer framework ready;FILE:docs/planning/adr/ADR-008-audit-logging.md;FILE:docs/architecture/hex-boundaries.md;FILE:packages/db/prisma/schema.prisma;FILE:docs/shared/review-checklist.md;FILE:docs/operations/pr-checklist.md;FILE:packages/adapters/src/messaging/email/outbound.ts;FILE:packages/db/prisma/schema-audit.prisma;FILE:docs/operations/runbooks/dlq-triage.md,"Notification domain + templates implemented; delivery adapters; preference defaults stored; audit entries; retries/DLQ; tests; targets: >=99%, >=100%; All four channels (email, SMS, webhook, push) must have real implementations, not placeholder returns",Completed,Delivery success >=99%; template rendering errors 0 in CI; audit coverage 100%,11,SPEC:.specify/sprints/sprint-11/specifications/IFC-157-spec.md;PLAN:.specify/sprints/sprint-11/planning/IFC-157-plan.md;EVIDENCE:.specify/sprints/sprint-11/attestations/IFC-157/context_pack.md;EVIDENCE:.specify/sprints/sprint-11/attestations/IFC-157/context_ack.json;ARTIFACT:docs/operations/runbooks/notifications.md,VALIDATE:pnpm test;GATE:no-placeholder-channels,180/360/720,2026-05-19,2026-05-30,100,"IFC-144:FS,IFC-098:FS,IFC-151:FS",
IFC-158,Scheduling,"Scheduling communications: ICS invites, reschedule/cancel flows, reminders; integrated with notification service and calendar sync",Backend Dev + Calendar Specialist (STOA-Domain),"IFC-138,IFC-157,IFC-137",FILE:.specify/memory/Framework.md;FILE:audit-matrix.yml;ENV:Calendar sync stable; notification service MVP available; appointment aggregate ready;FILE:docs/architecture/hex-boundaries.md;FILE:packages/adapters/src/calendar/google/client.ts;FILE:docs/operations/runbooks/notifications.md;FILE:packages/domain/src/legal/appointments/Appointment.ts,"ICS generation and delivery implemented; reschedule/cancel semantics correct; reminders scheduled; audit trail; integration tests; artifacts: context_ack.json; targets: >=95%, >=99%, zero errors",Completed,Invite delivery >=95%; reminder delivery >=99%; zero duplicate invites on retries,11,EVIDENCE:.specify/sprints/sprint-11/attestations/IFC-158/context_ack.json,VALIDATE:pnpm test:integration,120/240/480,2026-05-21,2026-05-30,100,"IFC-138:FS,IFC-157:FS,IFC-137:FS",
IFC-159,UI/Domain,"Case timeline enrichment: include documents/versions, communications (email/WhatsApp), and agent actions/approvals as timeline events",Frontend Dev + Backend Dev (STOA-Domain),"IFC-147,IFC-153,IFC-144,IFC-149,IFC-148",FILE:.specify/memory/Framework.md;FILE:audit-matrix.yml;ENV:Timeline UI exists; ingestion pipeline available; comms and agent actions recorded;FILE:docs/planning/adr/ADR-006-agent-tools.md;FILE:docs/shared/review-checklist.md;FILE:docs/operations/pr-checklist.md;FILE:apps/web/src/app/cases/timeline/page.tsx;FILE:docs/operations/runbooks/ingestion.md;FILE:packages/adapters/src/messaging/email/outbound.ts;FILE:apps/web/src/app/agent-approvals/page.tsx;FILE:packages/db/prisma/migrations/20260131000000_init/migration.sql;FILE:docs/design/sitemap.md;FILE:docs/design/ui-flow-mapping.md;FILE:docs/design/page-registry.md;FILE:apps/project-tracker/docs/metrics/_global/flows/flow-index.md,Timeline shows unified chronological events (tasks/deadlines/docs/comms/agent actions); filters; permissions enforced; E2E tests; targets: <1s,Completed,Timeline load <1s; user task completion improved; 0 unauthorized events visible,13,ARTIFACT:apps/api/src/modules/misc/timeline.ts;ARTIFACT:apps/web/lib/documents/timeline-event-model.ts;EVIDENCE:.specify/sprints/sprint-13/attestations/IFC-159/context_ack.json,VALIDATE:pnpm test;VALIDATE:pnpm --filter @intelliflow/api test --run,180/360/720,2026-06-14,2026-06-25,100,"IFC-147:FS,IFC-153:FS,IFC-144:FS,IFC-149:FS,IFC-148:FS",
IFC-160,Planning,Artifact path conventions + CI lint to prevent repo drift,Tech Lead + DevOps (STOA-Automation),"ENV-001-AI,ENV-002-AI",FILE:.specify/memory/Framework.md;FILE:audit-matrix.yml;POLICY:Canonical repo layout agreed; planning templates in place;FILE:docs/shared/review-checklist.md;FILE:docs/operations/quality-gates.md;FILE:docs/operations/pr-checklist.md;FILE:turbo.json;FILE:eslint.config.mjs,"Repo artifact conventions documented; artifact-path linter added; CI blocks non-canonical artifact paths; move-map template provided; targets: >=100%, <60s; verified by: pnpm lint",Completed,0 artifact path violations on main; lint runtime <60s; 100% new PRs checked,0,ARTIFACT:docs/architecture/repo-layout.md;ARTIFACT:docs/architecture/artifact-conventions.md;ARTIFACT:tools/lint/artifact-paths.ts;ARTIFACT:.github/workflows/artifact-lint.yml;ARTIFACT:scripts/migration/artifact-move-map.csv;ARTIFACT:scripts/validate-artifact-paths.sh;ARTIFACT:scripts/compare-tree-to-sprint-plan.js;ARTIFACT:artifacts/reports/artifact-containment-analysis.md;ARTIFACT:artifacts/reports/ARTIFACT-CONTAINMENT-SUMMARY.md;ARTIFACT:artifacts/reports/runtime-path-linter-design.md;ARTIFACT:artifacts/reports/plan-lint-report.json;EVIDENCE:.specify/sprints/sprint-0/attestations/IFC-160/context_ack.json;ARTIFACT:docs/planning/adr/ADR-021-governance-ops-release.md;ARTIFACT:docs/planning/prd-release-governance.md;ARTIFACT:docs/attestation-schema.yaml;ARTIFACT:docs/evidence-pack-schema.yaml,VALIDATE:pnpm lint;AUDIT:code-review,60/120/240,2025-12-18,2025-12-24,100,"ENV-001-AI:FS,ENV-002-AI:FS",
IFC-163,Platform,"Standardize worker runtime under apps/workers (events, ingestion, notifications) with shared job framework, metrics, and deployment packaging",SRE Lead + Backend Dev (STOA-Domain),"IFC-150,IFC-151,IFC-153,IFC-157,IFC-106",FILE:.specify/memory/Framework.md;FILE:audit-matrix.yml;ENV:Event infrastructure and ingestion triggers defined; deployment pipeline ready;FILE:docs/operations/release-rollback.md;FILE:docs/events/contracts-v1.yaml;FILE:docs/operations/runbooks/dlq-triage.md;FILE:docs/operations/runbooks/ingestion.md;FILE:docs/operations/runbooks/notifications.md;FILE:docs/architecture/hex-boundaries.md,"apps/workers structure created; workers run with shared configuration and telemetry; queues configured; health checks and dashboards added; deployment artifacts produced; restore/replay procedures documented; targets: >=99%, >=100%, <30s; verified by: pnpm test; Each worker package must have dev/start scripts that work with pnpm --filter",Completed,Worker job success >=99%; processing latency p95 <30s; 100% workers emit traces/metrics/logs,13,ARTIFACT:apps/workers/**;ARTIFACT:infra/monitoring/dashboards/workers.json;ARTIFACT:docs/operations/workers-runbook.md;EVIDENCE:.specify/sprints/sprint-13/attestations/IFC-163/context_ack.json,VALIDATE:pnpm test;GATE:dev-script-wired,180/360/720,2026-06-16,2026-06-27,100,"IFC-150:FS,IFC-151:FS,IFC-153:FS,IFC-157:FS,IFC-106:FS",
EXP-PLATFORM-001,Infrastructure,"Platform utilities package - feature flags, resilience patterns, job queues, workflow orchestration",DevOps + Tech Lead (STOA-Automation),ENV-001-AI,FILE:CLAUDE.md;FILE:audit-matrix.yml,"Package implemented with feature flags module, resilience patterns (retry, circuit breaker), BullMQ job queues, workflow orchestration; 100% test coverage; documented",Completed,100% coverage; zero runtime errors; documented APIs,12,ARTIFACT:packages/platform/package.json;ARTIFACT:packages/platform/tsconfig.json;ARTIFACT:packages/platform/src/index.ts;ARTIFACT:packages/platform/src/feature-flags/*;ARTIFACT:packages/platform/src/resilience/*;ARTIFACT:packages/platform/src/queues/*;ARTIFACT:packages/platform/src/workflow/*;EVIDENCE:.specify/sprints/sprint-12/attestations/EXP-PLATFORM-001/context_ack.json,VALIDATE:pnpm typecheck,90/180/360,2026-05-31,2026-06-09,100,ENV-001-AI:FS,
EXP-SCRIPTS-001,Infrastructure,"Utility scripts - task data cleanup, schema fixes, dev monitoring",DevOps + Tech Lead (STOA-Automation),EXC-INIT-001,FILE:CLAUDE.md;FILE:audit-matrix.yml,"Utility scripts for task data maintenance, JSON schema fixes, development monitoring; all scripts documented and functional",Completed,All scripts functional; documented usage,12,ARTIFACT:scripts/clean-fake-task-data.ps1;ARTIFACT:scripts/fix-task-json-schema.ps1;ARTIFACT:scripts/fix-uppercase-sha256.ps1;ARTIFACT:scripts/run-soft.js;ARTIFACT:scripts/monitor-dev.sh;EVIDENCE:.specify/sprints/sprint-12/attestations/EXP-SCRIPTS-001/context_ack.json,VALIDATE:pnpm typecheck,60/120/240,2026-06-01,2026-06-08,100,EXC-INIT-001:FS,
EXP-ARTIFACTS-002,Compliance,Cookie Consent Component Implementation (GDPR),Frontend Dev (STOA-Domain),,FILE:CLAUDE.md;FILE:audit-matrix.yml;POLICY:GDPR compliance required,Component implemented with tests; cookie consent working; GDPR compliant; targets: >=100%,Completed,100% test coverage; GDPR compliant,14,ARTIFACT:packages/ui/src/components/cookie-consent/cookie-consent.tsx;ARTIFACT:packages/ui/__tests__/cookie-consent.test.tsx;ARTIFACT:apps/web/src/app/layout.tsx;EVIDENCE:.specify/sprints/sprint-14/attestations/EXP-ARTIFACTS-002/context_ack.json,VALIDATE:pnpm --filter @intelliflow/ui test,90/180/360,2026-06-28,2026-07-07,100,,
EXP-ARTIFACTS-003,Security,Vulnerability Baseline Documentation,Security Team (STOA-Security),,FILE:CLAUDE.md;FILE:audit-matrix.yml;ENV:Security scanning tools configured,Baseline documented with zero vulnerabilities; security baseline maintained; targets: zero critical,Completed,Zero critical/high vulnerabilities,14,ARTIFACT:artifacts/misc/vulnerability-baseline.json;EVIDENCE:.specify/sprints/sprint-14/attestations/EXP-ARTIFACTS-003/context_ack.json,AUDIT:security-review,60/120/240,2026-06-30,2026-07-06,100,,
EXP-REPORTS-001,Operations,Project Status & Tracking Reports (Continuous),PM (STOA-Quality),,FILE:CLAUDE.md;FILE:audit-matrix.yml,Status reports maintained; tracking current; metrics up-to-date; targets: daily updates,Completed,Daily status updates; 100% accuracy,Continuous,ARTIFACT:artifacts/reports/status-snapshot.json;ARTIFACT:artifacts/reports/completed-task-ids.txt;EVIDENCE:.specify/sprints/sprint-0/attestations/EXP-REPORTS-001/context_ack.json,VALIDATE:pnpm lint,30/60/120,2025-12-14,2027-12-31,100,,daily:1d
EXP-REPORTS-002,Quality,Technical Debt & Quality Tracking (Continuous),Tech Lead (STOA-Quality),,FILE:CLAUDE.md;FILE:audit-matrix.yml,YAML debt ledger maintained; phantom audits run; reviews tracked; targets: weekly updates,Completed,Weekly updates; zero phantom completions,Continuous,ARTIFACT:artifacts/reports/phantom-completion-audit.json;EVIDENCE:.specify/sprints/sprint-0/attestations/EXP-REPORTS-002/context_ack.json;ARTIFACT:artifacts/reports/review-queue.json;ARTIFACT:artifacts/reports/stoa-review-queue.json,VALIDATE:pnpm lint,30/60/120,2025-12-14,2027-12-31,100,,weekly:7d
EXP-REPORTS-003,Planning,Risk Management & Compliance Tracking,PM + Compliance (STOA-Security),,FILE:CLAUDE.md;FILE:audit-matrix.yml;POLICY:Risk review quarterly,Risk register maintained; GDPR compliance tracked; targets: quarterly reviews,Completed,Quarterly risk reviews; 100% compliance,Continuous,ARTIFACT:artifacts/reports/risk-register.csv;ARTIFACT:artifacts/reports/gdpr-compliance.md;EVIDENCE:.specify/sprints/sprint-0/attestations/EXP-REPORTS-003/context_ack.json,VALIDATE:pnpm lint,30/60/120,2025-12-14,2027-12-31,100,,quarterly:90d
EXP-REPORTS-004,Quality,Sprint Audit System (Continuous),QA Lead (STOA-Quality),,FILE:CLAUDE.md;FILE:audit-matrix.yml;ENV:Audit tooling configured,Sprint audits automated; validation results tracked; targets: per-sprint audits,Completed,100% sprints audited; zero missing validations,Continuous,EVIDENCE:.specify/sprints/sprint-0/attestations/EXP-REPORTS-004/context_ack.json;ARTIFACT:apps/web/src/app/api/quality-reports/job-storage.ts;ARTIFACT:artifacts/missing-attestations.json;ARTIFACT:artifacts/**,VALIDATE:pnpm lint,30/60/120,2025-12-14,2027-12-31,100,,per-sprint:14d
EXP-REPORTS-005,Infrastructure,Build & Validation Reports (Continuous),DevOps (STOA-Automation),,FILE:CLAUDE.md;FILE:audit-matrix.yml;ENV:CI/CD configured,Build validation automated; audit reports generated; targets: per-build reports,Completed,100% builds validated; audit reports generated,Continuous,ARTIFACT:artifacts/reports/turbo-validation.json;ARTIFACT:artifacts/reports/audit-report.json;EVIDENCE:.specify/sprints/sprint-0/attestations/EXP-REPORTS-005/context_ack.json,VALIDATE:pnpm lint,30/60/120,2025-12-14,2027-12-31,100,,per-build:1d
TRACK-001,Tracking,Status Snapshot UI - Real-time task status tracking with manual refresh button,DevOps + Frontend Dev (STOA-Automation),EXP-REPORTS-001,FILE:tools/audit/status_snapshot.py;FILE:apps/project-tracker/lib/data-sync.ts,UI displays status-snapshot.json; refresh button regenerates from CSV; history view shows changes over time,Completed,"<5s refresh, real-time display",14,ARTIFACT:apps/project-tracker/components/tracking/StatusTracker.tsx;ARTIFACT:apps/project-tracker/app/api/tracking/status/route.ts;ARTIFACT:apps/project-tracker/components/tracking/shared/StaleIndicator.tsx;ARTIFACT:apps/project-tracker/components/tracking/shared/RefreshButton.tsx;ARTIFACT:apps/project-tracker/components/TrackingView.tsx;ARTIFACT:apps/project-tracker/components/tracking/StatusHistory.tsx;ARTIFACT:apps/project-tracker/components/tracking/index.ts;EVIDENCE:.specify/sprints/sprint-14/attestations/TRACK-001/context_ack.json,VALIDATE:pnpm test,90/180/360,2026-06-28,2026-02-22,100,EXP-REPORTS-001:FS,
TRACK-002,Tracking,Quality Metrics UI - Debt ledger coverage SonarQube with refresh buttons,QA Lead + Frontend Dev (STOA-Quality),"EXP-REPORTS-002,IFC-088",FILE:scripts/debt-analyzer.js;FILE:scripts/sonarqube-metrics.js,"Dashboard shows debt trends, coverage %, SonarQube metrics; individual refresh buttons per metric type",Completed,"<10s refresh, trend charts",14,ARTIFACT:apps/project-tracker/components/tracking/QualityDashboard.tsx;ARTIFACT:apps/project-tracker/app/api/tracking/quality/route.ts;EVIDENCE:.specify/sprints/sprint-14/attestations/TRACK-002/context_ack.json,VALIDATE:pnpm --filter project-tracker typecheck,90/180/360,2026-02-22,2026-07-09,100,"EXP-REPORTS-002:FS,IFC-088:FS",
TRACK-003,Tracking,Risk Register UI - View and update risks with mitigation tracking,PM + Security (STOA-Foundation),"EXP-REPORTS-003,IFC-118",FILE:artifacts/reports/risk-register.csv;FILE:docs/shared/risk-mitigation-plan.md,Risk register displayed in table; add/edit risk modal; mitigation status tracking; export capability,Completed,"CRUD operations, history tracking",14,ARTIFACT:apps/project-tracker/components/tracking/RiskRegister.tsx;ARTIFACT:apps/project-tracker/app/api/tracking/risks/route.ts;EVIDENCE:.specify/sprints/sprint-14/attestations/TRACK-003/context_ack.json,VALIDATE:pnpm --filter project-tracker typecheck,90/180/360,2026-02-22,2026-02-22,100,"EXP-REPORTS-003:FS,IFC-118:FS",
TRACK-004,Tracking,AI Metrics UI - Model performance drift detection cost tracking,AI Specialist + SRE (STOA-Intelligence),"IFC-117,AUTOMATION-002",FILE:artifacts/metrics/ai-metrics.json;FILE:infra/monitoring/ai-grafana-dashboard.json,"Dashboard shows AI latency, accuracy, cost per model; drift alerts; refresh capability",Completed,"Real-time metrics, <5% drift threshold",14,ARTIFACT:apps/project-tracker/components/tracking/AIMetrics.tsx;ARTIFACT:apps/project-tracker/app/api/tracking/ai/route.ts;EVIDENCE:.specify/sprints/sprint-14/attestations/TRACK-004/context_ack.json,VALIDATE:pnpm --filter project-tracker typecheck,90/180/360,2026-02-22,2026-02-22,100,"IFC-117:FS,AUTOMATION-002:FS",
TRACK-005,Tracking,Security Dashboard UI - Vulnerability tracking scan results security posture,Security Eng (STOA-Security),"EXC-SEC-001,IFC-121",FILE:artifacts/reports/security/pnpm-audit-latest.json;FILE:scripts/pnpm-audit-report.js,Dashboard shows vulnerability counts by severity; scan history; run-scan button; remediation tracking,Completed,"Zero critical vulns, weekly scans",14,ARTIFACT:apps/project-tracker/components/tracking/SecurityDashboard.tsx;ARTIFACT:apps/project-tracker/app/api/tracking/security/route.ts;EVIDENCE:.specify/sprints/sprint-14/attestations/TRACK-005/context_ack.json,AUDIT:security-review,90/180/360,2026-02-22,2026-02-22,100,"EXC-SEC-001:FS,IFC-121:FS",
TRACK-006,Tracking,Build Health UI - Validation results build status test results,DevOps (STOA-Automation),"EXP-REPORTS-005,ENV-005-AI",FILE:artifacts/reports/turbo-validation.json;FILE:artifacts/reports/audit-report.json,"Dashboard shows build success rate, test results, validation status; run-validation button",Completed,"100% builds tracked, <30s validation",14,ARTIFACT:apps/project-tracker/components/tracking/BuildHealth.tsx;ARTIFACT:apps/project-tracker/app/api/tracking/build/route.ts;EVIDENCE:.specify/sprints/sprint-14/attestations/TRACK-006/attestation.json,VALIDATE:pnpm test,90/180/360,2026-07-05,2026-02-22,100,"EXP-REPORTS-005:FS,ENV-005-AI:FS",
IFC-164,AI/ML,Ollama Local Development - Real Integration & Benchmarks,AI Specialist + DevOps (STOA-Intelligence),"IFC-005,IFC-086,IFC-095",FILE:apps/ai-worker/src/config/ai.config.ts;FILE:apps/ai-worker/src/chains/scoring.chain.ts;ENV:AI scoring chain stable and tested;ENV:Docker infrastructure mature;POLICY:Cost tracking validated,"Complete Ollama integration with REAL benchmarks: (1) Implement ChatOllama in scoring.chain.ts, (2) Run real accuracy benchmarks against test leads, (3) Validate cost savings with actual metrics, (4) Update accuracy-benchmarks.json with real data; Follow-up to IFC-085 which only added config but never tested",Backlog,Real Ollama tests passing; accuracy-benchmarks.json contains measured data; dev cost reduction verified,20,ARTIFACT:apps/ai-worker/src/chains/ollama-integration.ts;ARTIFACT:artifacts/benchmarks/accuracy-benchmarks.json;ARTIFACT:artifacts/reports/ollama-real-benchmark-report.json;EVIDENCE:.specify/sprints/sprint-20/attestations/IFC-164/context_ack.json,VALIDATE:pnpm test,180/360/720,2026-09-20,2026-10-02,0,"IFC-005:FS,IFC-086:FS,IFC-095:FS",
IFC-165,Performance,Performance Baseline - Real Benchmarks with Live Infrastructure,DevOps + SRE (STOA-Foundation),"ENV-015-AI,IFC-003,ENV-005-AI",FILE:apps/api/src/index.ts;FILE:packages/db/prisma/schema.prisma;ENV:API server running;ENV:Database running;ENV:Docker infrastructure stable;POLICY:All services healthy,"Run REAL performance benchmarks: (1) Start API server and database, (2) Execute artifacts/benchmarks/run-baseline-benchmark.ts, (3) Capture actual API p95/p99 latencies, (4) Capture actual DB query times, (5) Update baseline.json with measured data; Follow-up to ENV-015-AI which created config but had simulated data",Backlog,Real API latencies measured; Real DB query times; baseline.json contains actual measurements,20,ARTIFACT:artifacts/benchmarks/baseline.json;ARTIFACT:artifacts/reports/performance-baseline-report.json;EVIDENCE:.specify/sprints/sprint-20/attestations/IFC-165/context_ack.json,VALIDATE:pnpm test;AUDIT:performance-review,180/360/720,2026-09-22,2026-10-03,0,"ENV-015-AI:FS,IFC-003:FS,ENV-005-AI:FS",
IFC-166,Documentation,NBA Demo Video Recording,AI Specialist (STOA-Intelligence),IFC-039,FILE:artifacts/misc/nba-demo.md;ENV:System stable and running;ENV:OpenAI API configured;POLICY:Demo scenarios validated,Record actual nba-demo.mp4 video demonstrating Next Best Action feature with real AI responses; Follow-up from IFC-039,Backlog,"Video recorded, demonstrates AI value, <5min duration",24,ARTIFACT:artifacts/misc/nba-demo.mp4;EVIDENCE:.specify/sprints/sprint-24/attestations/IFC-166/context_ack.json,VALIDATE:pnpm typecheck,120/240/480,2026-11-15,2026-11-25,0,IFC-039:FS,
IFC-175,Validation,RAG Production Validation - Follow-up to IFC-039,AI Specialist (STOA-Intelligence),IFC-039,FILE:apps/ai-worker/src/chains/rag-context.chain.ts;FILE:apps/ai-worker/src/services/retrieval-service.ts;ENV:Supabase pgvector ready;ENV:OpenAI API configured;ENV:Documents indexed,Validate RAG chain works with real pgvector in production; test RetrievalService integration with live Supabase; verify ACL permissions; test with indexed documents; Follow-up from IFC-039,Backlog,RAG retrieval works in production; <200ms latency; ACL filtering verified; relevance >85%,24,ARTIFACT:artifacts/misc/rag-production-validation.json;EVIDENCE:.specify/sprints/sprint-24/attestations/IFC-175/context_ack.json,VALIDATE:integration-test,180/360/720,2026-11-17,2026-11-28,0,IFC-039:FS,
IFC-167,Platform,Wire workers to pnpm dev startup - Follow-up to IFC-163,DevOps (STOA-Automation),IFC-163,FILE:package.json;FILE:turbo.json;FILE:apps/workers/notifications-worker/package.json;FILE:apps/workers/events-worker/package.json;FILE:apps/workers/ingestion-worker/package.json,Workers auto-start with pnpm dev; all 3 workers running; health checks pass; verified by: pnpm dev starts all services,Completed,All workers start <30s; zero manual startup required,14,ARTIFACT:package.json;ARTIFACT:turbo.json;EVIDENCE:.specify/sprints/sprint-14/attestations/IFC-167/context_ack.json,VALIDATE:pnpm typecheck,60/120/240,2026-06-28,2026-07-05,100,IFC-163:FS,
IFC-168,AI/ML,Convert AI worker to BullMQ queue consumer - Follow-up to IFC-005/IFC-085,AI Specialist + Backend Dev (STOA-Intelligence),"IFC-005,IFC-085,IFC-163",FILE:apps/ai-worker/src/index.ts;FILE:apps/workers/shared/src/base-worker.ts;ENV:BullMQ configured;ENV:Redis running,AI worker extends BaseWorker; implements job handlers for scoring and predictions; processes jobs from queue; health endpoint exposed; verified by: pnpm test,Completed,Queue jobs processed <2s; zero dropped jobs; health check passes,14,ARTIFACT:apps/ai-worker/src/index.ts;ARTIFACT:apps/ai-worker/src/jobs/scoring.job.ts;ARTIFACT:apps/ai-worker/src/jobs/prediction.job.ts;EVIDENCE:.specify/sprints/sprint-14/attestations/IFC-168/context_ack.json,VALIDATE:pnpm test;VALIDATE:pnpm test:integration,120/240/480,2026-06-30,2026-07-09,100,"IFC-005:FS,IFC-085:FS,IFC-163:FS",
IFC-169,Security,Require Supabase env vars - Follow-up to IFC-006,Security Eng (STOA-Security),IFC-006,FILE:apps/api/src/lib/supabase.ts;FILE:apps/api/src/index.ts;FILE:docs/security/zero-trust-design.md,Remove mock key fallback; fail fast if SUPABASE_URL or SUPABASE_ANON_KEY missing; startup validation added; verified by: pnpm test,Completed,Zero mock keys in production; startup fails without config; auth validates real tokens,12,ARTIFACT:apps/api/src/lib/supabase.ts;ARTIFACT:docs/operations/env-requirements.md;EVIDENCE:.specify/sprints/sprint-12/attestations/IFC-169/context_ack.json,VALIDATE:pnpm test;AUDIT:security-review,60/120/240,2026-05-31,2026-06-08,100,IFC-006:FS,
IFC-170,Notifications,Implement Twilio SMS channel - Follow-up to IFC-157,Backend Dev (STOA-Domain),IFC-157,FILE:apps/workers/notifications-worker/src/channels/sms.ts;ENV:Twilio account configured;ENV:TWILIO_ACCOUNT_SID set;ENV:TWILIO_AUTH_TOKEN set,Uncomment Twilio SDK calls; implement real SMS delivery; add delivery status tracking; rate limiting; verified by: pnpm test,Completed,SMS delivery success >95%; delivery status tracked; rate limits enforced,12,ARTIFACT:apps/workers/notifications-worker/src/channels/sms.ts;ARTIFACT:packages/adapters/src/messaging/twilio/client.ts;EVIDENCE:.specify/sprints/sprint-12/attestations/IFC-170/context_ack.json;ARTIFACT:docs/planning/adr/ADR-023-communications-inbox.md;ARTIFACT:docs/planning/prd-communications-inbox.md,VALIDATE:pnpm test,90/180/360,2026-06-02,2026-06-10,100,IFC-157:FS,